<?xml version="1.0"?>

<!--
Oil Pressure indicator instrument.
-->

<PropertyList>

 <name>Oil Pressure Indicator</name>
 
   <w-base>128</w-base>
   <h-base>128</h-base>
   
  <layers>
   <layer>
     <name>1 ft (fixed)</name>
     <texture>
     <path>Aircraft/f16/Models/Cockpit/Textures/faces1.rgb</path>
     <x1>0.53</x1>
     <y1>0.0</y1>
     <x2>0.57</x2>
     <y2>0.0469</y2>
     </texture>
     <w>12</w>
     <h>11</h>
     <transformations>
      <transformation>
       <type>x-shift</type>
       <offset>10.0</offset>
      </transformation>
      <transformation>
       <type>y-shift</type>
       <offset>-1.0</offset>
      </transformation>
     </transformations>
   </layer>

   <layer>
     <name>10 ft (fixed)</name>
     <texture>
     <path>Aircraft/f16/Models/Cockpit/Textures/faces1.rgb</path>
     <x1>0.53</x1>
     <y1>0.0</y1>
     <x2>0.57</x2>
     <y2>0.0469</y2>
     </texture>
     <w>12</w>
     <h>11</h>
     <transformations>
      <transformation>
       <type>x-shift</type>
       <offset>0.0</offset>
      </transformation>
      <transformation>
       <type>y-shift</type>
       <offset>-1.0</offset>
      </transformation>
     </transformations>
   </layer>

   <layer>
     <name>100 ft (0...4)</name>
     <texture>
     <path>Aircraft/f16/Models/Cockpit/Textures/faces1.rgb</path>
     <x1>0.53</x1>
     <y1>0.2578</y1>
     <x2>0.57</x2>
     <y2>0.5156</y2>
     </texture>
     <w>12</w>
     <h>59</h>
     <transformations>
      <transformation>
       <type>x-shift</type>
       <offset>-11.0</offset>
      </transformation>
      <transformation>
       <type>y-shift</type>
       <offset>-25.0</offset>
      </transformation>
      <transformation>
       <type>y-shift</type>
       <property>/instrumentation/altimeter/indicated-altitude-ft</property>
       <modulator>1000</modulator>
       <scale>1.07273e-1</scale>
       <min>0</min>
       <max>550</max>
      </transformation>
     </transformations>
    </layer>
    <layer>
     <name>100 ft (5...9)</name>
     <texture>
     <path>Aircraft/f16/Models/Cockpit/Textures/faces1.rgb</path>
     <x1>0.53</x1>
     <y1>0.0</y1>
     <x2>0.57</x2>
     <y2>0.2578</y2>
     </texture>
     <w>12</w>
     <h>59</h>
     <transformations>
      <transformation>
       <type>x-shift</type>
       <offset>-11.0</offset>
      </transformation>
      <transformation>
       <type>y-shift</type>
       <offset>-83.0</offset>
      </transformation>
      <transformation>
       <type>y-shift</type>
       <property>/instrumentation/altimeter/indicated-altitude-ft</property>
       <modulator>1000</modulator>
       <scale>1.07273e-1</scale>
       <min>400</min>
       <max>1000</max>
      </transformation>
     </transformations>
    </layer>

    <layer>
     <name>1k ft (0...4)</name>
     <texture>
     <path>Aircraft/f16/Models/Cockpit/Textures/faces1.rgb</path>
     <x1>0.53</x1>
     <y1>0.2578</y1>
     <x2>0.57</x2>
     <y2>0.5156</y2>
     </texture>
     <w>12</w>
     <h>59</h>
     <transformations>
      <transformation>
       <type>x-shift</type>
       <offset>-22.0</offset>
      </transformation>
      <transformation>
       <type>y-shift</type>
       <offset>-25.0</offset>
      </transformation>
      <transformation>
       <type>y-shift</type>
       <property>/instrumentation/altimeter/indicated-altitude-ft</property>
       <modulator>10000</modulator>
       <scale>1.07273e-2</scale>
       <min>0</min>
       <max>5500</max>
      </transformation>
     </transformations>
    </layer>
    <layer>
     <name>1k ft (5...9)</name>
     <texture>
     <path>Aircraft/f16/Models/Cockpit/Textures/faces1.rgb</path>
     <x1>0.53</x1>
     <y1>0.0</y1>
     <x2>0.57</x2>
     <y2>0.2578</y2>
     </texture>
     <w>12</w>
     <h>59</h>
     <transformations>
      <transformation>
       <type>x-shift</type>
       <offset>-22.0</offset>
      </transformation>
      <transformation>
       <type>y-shift</type>
       <offset>-83.0</offset>
      </transformation>
      <transformation>
       <type>y-shift</type>
       <property>/instrumentation/altimeter/indicated-altitude-ft</property>
       <modulator>10000</modulator>
       <scale>1.07273e-2</scale>
       <min>4000</min>
       <max>10000</max>
      </transformation>
     </transformations>
    </layer>

    <layer>
     <name>10k ft (0...4)</name>
     <texture>
     <path>Aircraft/f16/Models/Cockpit/Textures/faces1.rgb</path>
     <x1>0.53</x1>
     <y1>0.2578</y1>
     <x2>0.57</x2>
     <y2>0.5156</y2>
     </texture>
     <w>12</w>
     <h>59</h>
     <transformations>
      <transformation>
       <type>x-shift</type>
       <offset>-33.0</offset>
      </transformation>
      <transformation>
       <type>y-shift</type>
       <offset>-25.0</offset>
      </transformation>
      <transformation>
       <type>y-shift</type>
       <property>/instrumentation/altimeter/indicated-altitude-ft</property>
       <modulator>100000</modulator>
       <scale>1.07273e-3</scale>
       <min>0</min>
       <max>55000</max>
      </transformation>
     </transformations>
    </layer>
    <layer>
     <name>10k ft (5...9)</name>
     <texture>
     <path>Aircraft/f16/Models/Cockpit/Textures/faces1.rgb</path>
     <x1>0.53</x1>
     <y1>0.0</y1>
     <x2>0.57</x2>
     <y2>0.2578</y2>
     </texture>
     <w>12</w>
     <h>59</h>
     <transformations>
      <transformation>
       <type>x-shift</type>
       <offset>-33.0</offset>
      </transformation>
      <transformation>
       <type>y-shift</type>
       <offset>-83.0</offset>
      </transformation>
      <transformation>
       <type>y-shift</type>
       <property>/instrumentation/altimeter/indicated-altitude-ft</property>
       <modulator>100000</modulator>
       <scale>1.07273e-3</scale>
       <min>40000</min>
       <max>100000</max>
      </transformation>
     </transformations>
    </layer>

    <layer>
     <name>gauge border</name>
     <texture>
     <path>Aircraft/f16/Models/Cockpit/Textures/faces1.rgb</path>
     <x1>0.0</x1>
     <y1>0.0</y1>
     <x2>0.5</x2>
     <y2>0.5</y2>
     </texture>
     <w>134</w>
     <h>134</h>
    </layer>

    <layer>
     <name>100 needle</name>
     <w>6</w>
     <h>97</h>
     <texture>
     <path>Aircraft/f16/Models/Cockpit/Textures/faces1.rgb</path>
     <x1>0.62</x1>
     <y1>0.03</y1>
     <x2>0.64</x2>
     <y2>0.30</y2>
     </texture>
     <transformations>
      <transformation>
       <type>rotation</type>
       <property>/instrumentation/altimeter/indicated-altitude-ft</property>
       <max>100000.0</max>
       <scale>0.36</scale>
      </transformation>
      <transformation>
       <type>y-shift</type>
       <offset>-2.0</offset>
      </transformation>
     </transformations>
    </layer>

    <layer>
     <name>elec switch</name>
     <texture>
     <path>Aircraft/f16/Models/Cockpit/Textures/faces1.rgb</path>
     <x1>0.9</x1>
     <y1>0.32</y1>
     <x2>0.97</x2>
     <y2>0.49</y2>
     </texture>
     <w>14</w>
     <h>22</h>
     <transformations>
      <transformation>
      <type>x-shift</type>
      <offset>53.0</offset>
      </transformation>
      <transformation>
       <type>y-shift</type>
       <offset>-50.0</offset>
      </transformation>
     </transformations>
    </layer>

    <layer>
     <name>knob</name>
     <texture>
     <path>Aircraft/f16/Models/Cockpit/Textures/faces1.rgb</path>
     <x1>0.758</x1>
     <y1>0.352</y1>
     <x2>0.883</x2>
     <y2>0.477</y2>
     </texture>
     <w>27</w>
     <h>27</h>
     <transformations>
      <transformation>
      <type>x-shift</type>
      <offset>-52.0</offset>
      </transformation>
      <transformation>
       <type>y-shift</type>
       <offset>-49.0</offset>
      </transformation>
     </transformations>
    </layer>


   </layers>
</PropertyList>
