<?xml version="1.0"?>

<!--
Indicated airspeed instrument.
-->

<PropertyList>

 <name>Knots Indicated Airspeed</name>
 
   <w-base>128</w-base>
   <h-base>128</h-base>
   
   <layers>
    <layer>
     <name>gauge border</name>
     <texture>
     <path>Aircraft/f16/Models/Cockpit/Textures/faces1.rgb</path>
     <x1>0.0</x1>
     <y1>0.5</y1>
     <x2>0.5</x2>
     <y2>1.0</y2>
     </texture>
     <w>134</w>
     <h>134</h>
    </layer>

    <layer>
     <name>mach scale</name>
     <texture>
     <path>Aircraft/f16/Models/Cockpit/Textures/misc1.rgb</path>
     <x1>0.</x1>
     <y1>0.53</y1>
     <x2>0.468</x2>
     <y2>1.0</y2>
     </texture>
     <w>72</w>
     <h>72</h>
     <transformations>
      <transformation>
       <type>rotation</type>
       <property>/velocities/mach</property>
       <max>1.6</max>
       <scale>-225.0</scale>
      </transformation>
      <transformation>
       <type>rotation</type>
       <property>/instrumentation/airspeed-indicator/indicated-speed-kt</property>
       <interpolation>
        <entry>
         <ind>0.0</ind>
         <dep>45.0</dep>
        </entry>
        <entry>
         <ind>75.0</ind>
         <dep>66.19</dep>
        </entry>
         <entry>
         <ind>100.0</ind>
         <dep>85.24</dep>
        </entry>
         <entry>
         <ind>125.0</ind>
         <dep>106.05</dep>
        </entry>
         <entry>
         <ind>150.0</ind>
         <dep>135.0</dep>
        </entry>
         <entry>
         <ind>175.0</ind>
         <dep>160.2</dep>
        </entry>
         <entry>
         <ind>200.0</ind>
         <dep>182.29</dep>
        </entry>
         <entry>
         <ind>250.0</ind>
         <dep>210.7</dep>
        </entry>
         <entry>
         <ind>300.0</ind>
         <dep>236.51</dep>
        </entry>
         <entry>
         <ind>350.0</ind>
         <dep>257.32</dep>
        </entry>
         <entry>
         <ind>400.0</ind>
         <dep>275.57</dep>
        </entry>
         <entry>
         <ind>500.0</ind>
         <dep>307.48</dep>
        </entry>
         <entry>
         <ind>600.0</ind>
         <dep>334.8</dep>
        </entry>
         <entry>
         <ind>700.0</ind>
         <dep>357.65</dep>
        </entry>
         <entry>
         <ind>800.0</ind>
         <dep>377.45</dep>
        </entry>
         <entry>
         <ind>850.0</ind>
         <dep>387.58</dep>
        </entry>
       </interpolation>
      </transformation>
     </transformations>
    </layer>


    <layer>
     <name>mach face</name>
     <texture>
     <path>Aircraft/f16/Models/Cockpit/Textures/faces1.rgb</path>
     <x1>0.51</x1>
     <y1>0.51</y1>
     <x2>1.0</x2>
     <y2>1.0</y2>
     </texture>
     <w>76</w>
     <h>76</h>
     <transformations>
      <transformation>
       <type>rotation</type>
       <property>/instrumentation/airspeed-indicator/indicated-speed-kt</property>
       <interpolation>
        <entry>
         <ind>0.0</ind>
         <dep>45.0</dep>
        </entry>
        <entry>
         <ind>75.0</ind>    
         <dep>66.19</dep>    
        </entry>
         <entry>
         <ind>100.0</ind>    
         <dep>85.24</dep>    
        </entry>
         <entry>
         <ind>125.0</ind>    
         <dep>106.05</dep>    
        </entry>
         <entry>
         <ind>150.0</ind>    
         <dep>135.0</dep>    
        </entry>
         <entry>
         <ind>175.0</ind>    
         <dep>160.2</dep>    
        </entry>
         <entry>
         <ind>200.0</ind>    
         <dep>182.29</dep>    
        </entry>
         <entry>
         <ind>250.0</ind>    
         <dep>210.7</dep>    
        </entry>
         <entry>
         <ind>300.0</ind>    
         <dep>236.51</dep>    
        </entry>
         <entry>
         <ind>350.0</ind>    
         <dep>257.32</dep>    
        </entry>
         <entry>
         <ind>400.0</ind>    
         <dep>275.57</dep>    
        </entry>
         <entry>
         <ind>500.0</ind>    
         <dep>307.48</dep>    
        </entry>
         <entry>
         <ind>600.0</ind>    
         <dep>334.8</dep>    
        </entry>
         <entry>
         <ind>700.0</ind>    
         <dep>357.65</dep>    
        </entry>
         <entry>
         <ind>800.0</ind>    
         <dep>377.45</dep>    
        </entry>
         <entry>
         <ind>850.0</ind>    
         <dep>387.58</dep>    
        </entry>
       </interpolation>
      </transformation>
     </transformations>
    </layer>

    <layer>
     <name>index</name>
     <texture>
     <path>Aircraft/f16/Models/Cockpit/Textures/faces1.rgb</path>
     <x1>0.594</x1>
     <y1>0.332</y1>
     <x2>0.738</x2>
     <y2>0.48</y2>
     </texture>
     <w>27</w>
     <h>27</h>
     <transformations>
      <transformation>
      <type>x-shift</type>
      <offset>50.0</offset>
      </transformation>
      <transformation>
       <type>y-shift</type>
       <offset>-47.0</offset>
      </transformation>
     </transformations>
    </layer>
   </layers>
</PropertyList>
