<?xml version="1.0" encoding="UTF-8"?>

<PropertyList>

  <sim>
    <model>
      <livery>
        <name type="string">Default</name>
     <texture>Liveries/default/f16.jpg</texture>
     <texture-pilot>Liveries/default/USAFpilot.jpg</texture-pilot>

   <specular>
              <red>   0.3 </red>
              <green> 0.3 </green>
              <blue>  0.3 </blue>
            </specular>

            <emission>
              <red>   0.2 </red>
              <green> 0.2 </green>
              <blue>  0.2 </blue>
            </emission>

      </livery>
    </model>
  </sim>

</PropertyList>
