<?xml version="1.0" encoding="UTF-8"?>

<PropertyList>

  <fx>
<engine>
      <name>engine-start-inside</name>
      <mode>once</mode>
      <path>Aircraft/F-16C/Sounds/turbine_start_in.wav</path>
      <condition>
        <and>
          <property>/controls/engines/engine[0]/starter</property>
          <property>/sim/current-view/internal</property>
        </and>
      </condition>
      <volume>
        <property>engines/engine[0]/n2</property>
        <factor> 0.01 </factor>
        <min> 0.03 </min>
        <max> 0.07 </max>
      </volume>
      <pitch>
        <property>engines/engine[0]/n2</property>
        <factor> 0.01 </factor>
        <min> 0.0 </min>
        <max> 0.9 </max>
      </pitch>
       <reference-dist>100</reference-dist>
      <max-dist>1000</max-dist>
   </engine>
   
   <engine>
      <name>engine-start-outside</name>
      <mode>once</mode>
      <path>Aircraft/F-16C/Sounds/startup.wav</path>
      <condition>
<and>
 
<greater-than>  
   <property>/engines/engine[0]/rpm</property>
   <value>0.5</value>
   
  </greater-than>
  <less-than>
                <property>velocities/groundspeed-kt</property>
                <value>1</value>
            </less-than>
  <not>
   <property>/sim/current-view/internal</property>
  </not>
</and>
</condition>

      <volume>
        <property>engines/engine[0]/n2</property>
        <factor> 0.09 </factor>
        <min> 0.3 </min>
        <max> 0.9 </max>
      </volume>
      <pitch>
        <property>engines/engine[0]/n2</property>
        <factor> 0.01 </factor>
	<min> 0.0 </min>
	<max> 0.9 </max>
      </pitch>
      <reference-dist>100</reference-dist>
      <max-dist>1000</max-dist>
    </engine>
	
	
	 <shutdown>
   <name>shutdown internal</name>
   <path>Aircraft/F-16C/Sounds/f16-shutdown-int.wav</path>
   <condition>
     <not>
      <property>/sim/current-view/external</property>
     </not>
     <equals>
      <property>engines/engine[0]/running</property>
      <value>false</value>
     </equals>
   </condition>
  </shutdown>
  
   <shutdown>
   <name>shutdown internal</name>
   <path>Aircraft/F-16C/Sounds/f-16shutdown-ext.wav</path>
   <condition>
     <not>
      <property>/sim/current-view/internal</property>
     </not>
     <equals>
      <property>engines/engine[0]/running</property>
      <value>false</value>
     </equals>
   </condition>
  </shutdown>
	
  
  
    <engine>
      <name>engine</name>
      <path>Aircraft/F-16C/Sounds/jet-blast.wav</path>
      <mode>looped</mode>
      <condition>
        <property>engines/engine[0]/running</property>
		<not>
        	<property>/sim/current-view/internal</property>
		<property>/engines/engine/out-of-fuel</property>
     	</not>
      </condition>
      <volume>
        <property>engines/engine[0]/prop-thrust</property>
        <factor type="double">0.00013</factor>
      </volume>
       <pitch>
        <property>engines/engine[0]/n1</property>
        <factor>0.2</factor>
      </pitch>
    </engine>

    <engine>
      <name>whine</name>
      <path>Aircraft/F-16C/Sounds/f16-whine.wav</path>
      <mode>looped</mode>
      <condition>
        <property>/engines/engine[0]/running</property>
		<not>
        	<property>/sim/current-view/internal</property>
		<property>/engines/engine/out-of-fuel</property>
     	</not>
      </condition>
      <volume>
        <property>/engines/engine[0]/n2</property>
        <factor type="double">0.0025</factor>
      </volume>
      <pitch>
        <property>/engines/engine[0]/n2</property>
        <factor>0.02</factor>
        <offset>-0.1</offset>
      </pitch>
    </engine>
	
	 <engine>
      <name>whine-int</name>
      <path>Aircraft/F-16C/Sounds/f16-engine-int.wav</path>
      <mode>looped</mode>
      <condition>
        <property>/engines/engine[0]/running</property>
		<not>
        	<property>/sim/current-view/external</property>
		<property>/engines/engine/out-of-fuel</property>
     	</not>
      </condition>
      <volume>
        <property>/engines/engine[0]/n2</property>
        <factor type="double">0.0025</factor>
      </volume>
      <pitch>
        <property>/engines/engine[0]/n2</property>
        <factor>0.02</factor>
        <offset>-0.1</offset>
      </pitch>
    </engine>
	
	<engine>
   <name>Reheat</name>
   <mode>looped</mode>
   <path>Aircraft/F-16C/Sounds/gripen-burner.wav</path>
   <condition>
	 <property>engines/engine/afterburner</property>
    	   <not>
		<property>/sim/current-view/internal</property>
		<property>/engines/engine/out-of-fuel</property>
     	   </not>
   </condition>
   <position>
    	<x>6.0</x>
	<y>0.0</y>
	<z>0.0</z>
   </position>
   <orientation>
	<x>90.0</x>
    	<y>0.0</y>
    	<z>0.0</z>
    	<inner-angle>60.0</inner-angle>
    	<outer-angle>160.0</outer-angle>
    	<outer-gain>0.75</outer-gain>
   </orientation>
   <volume>
        <offset>1</offset>
	<min>0.3</min>
	<max>1.0</max>
   </volume>
  </engine>

    <rumble>
      <name>rumble</name>
      <mode>looped</mode>
      <path>Sounds/rumble.wav</path>
      <condition>
        <property>/gear/gear[0]/wow</property>
      </condition>
      <volume>
        <property>/gear/gear[0]/rollspeed-ms</property>
        <type>log</type>
        <factor>0.12</factor>
      </volume>
      <pitch>
        <property>/gear/gear[0]/rollspeed-ms</property>
      </pitch>
    </rumble>

    <rumble>
      <name>rumble</name>
      <mode>looped</mode>
      <path>Sounds/rumble.wav</path>
      <condition>
        <property>/gear/gear[1]/wow</property>
      </condition>
      <volume>
        <property>/gear/gear[1]/rollspeed-ms</property>
        <type>log</type>
        <factor>0.12</factor>
      </volume>
    </rumble>

    <rumble>
      <name>rumble</name>
      <mode>looped</mode>
      <path>Sounds/rumble.wav</path>
      <condition>
        <property>/gear/gear[2]/wow</property>
      </condition>
      <volume>
        <property>/gear/gear[2]/rollspeed-ms</property>
        <type>log</type>
        <factor>0.12</factor>
      </volume>
    </rumble>

    <gear>
      <name>gear</name>
      <mode>in-transit</mode>
      <path>Sounds/gear.wav</path>
      <property>/gear/gear[0]/position-norm</property>
      <pitch>
        <internal>dt_play</internal>
        <offset>1.0</offset>
        <factor>-0.001</factor>
      </pitch>
    </gear>

    <gear>
      <name>gear-lock</name>
      <path>Sounds/gear-lck.wav</path>
      <condition>
        <equals>
          <property>/gear/gear[0]/position-norm</property>
          <value>0</value>
        </equals>
      </condition>
    </gear>

    <gear>
      <name>gear-lock</name>
      <path>Sounds/gear-lck.wav</path>
      <condition>
        <equals>
          <property>/gear/gear[0]/position-norm</property>
          <value>1</value>
        </equals>
      </condition>
    </gear>

    <gear>
      <name>gear</name>
      <mode>in-transit</mode>
      <path>Sounds/gear.wav</path>
      <property>/gear/gear[1]/position-norm</property>
      <pitch>
        <internal>dt_play</internal>
        <offset>1.0</offset>
        <factor>-0.001</factor>
      </pitch>
    </gear>

    <gear>
      <name>gear-lock</name>
      <path>Sounds/gear-lck.wav</path>
      <condition>
        <equals>
          <property>/gear/gear[1]/position-norm</property>
          <value>0</value>
        </equals>
      </condition>
    </gear>

    <gear>
      <name>gear-lock</name>
      <path>Sounds/gear-lck.wav</path>
      <condition>
        <equals>
          <property>/gear/gear[1]/position-norm</property>
          <value>1</value>
        </equals>
      </condition>
    </gear>

    <gear>
      <name>gear</name>
      <mode>in-transit</mode>
      <path>Sounds/gear.wav</path>
      <property>/gear/gear[2]/position-norm</property>
      <pitch>
        <internal>dt_play</internal>
        <offset>1.0</offset>
        <factor>-0.001</factor>
      </pitch>
    </gear>

    <gear>
      <name>gear-lock</name>
      <path>Sounds/gear-lck.wav</path>
      <condition>
        <equals>
          <property>/gear/gear[2]/position-norm</property>
          <value>0</value>
        </equals>
      </condition>
    </gear>

    <gear>
      <name>gear-lock</name>
      <path>Sounds/gear-lck.wav</path>
      <condition>
        <equals>
          <property>/gear/gear[2]/position-norm</property>
          <value>1</value>
        </equals>
      </condition>
    </gear>

    <squeal>
      <name>squeal</name>
      <path>Sounds/squeal.wav</path>
      <condition>
        <property>/gear/gear[0]/wow</property>
      </condition>
      <volume>
        <property>/velocities/speed-down-fps</property>
        <factor>0.05</factor>
      </volume>
      <volume>
        <property>/velocities/airspeed-kt</property>
        <factor>0.01</factor>
      </volume>
      <volume>
        <internal>dt_stop</internal>
        <factor>0.05</factor>
        <max>1.0</max>
      </volume>
      <pitch>
        <property>/velocities/airspeed-kt</property>
        <factor>0.0025</factor>
        <offset>1.2</offset>
      </pitch>
    </squeal>

    <squeal>
      <name>squeal</name>
      <path>Sounds/squeal.wav</path>
      <condition>
        <property>/gear/gear[1]/wow</property>
      </condition>
      <volume>
        <property>/velocities/speed-down-fps</property>
        <factor>0.05</factor>
      </volume>
      <volume>
        <property>/velocities/airspeed-kt</property>
        <factor>0.01</factor>
      </volume>
      <volume>
        <internal>dt_stop</internal>
        <factor>0.05</factor>
        <max>1.0</max>
      </volume>
      <pitch>
        <property>/velocities/airspeed-kt</property>
        <factor>0.0025</factor>
        <offset>1.2</offset>
      </pitch>
    </squeal>

    <squeal>
      <name>squeal</name>
      <path>Sounds/squeal.wav</path>
      <condition>
        <property>/gear/gear[2]/wow</property>
      </condition>
      <volume>
        <property>/velocities/speed-down-fps</property>
        <factor>0.05</factor>
      </volume>
      <volume>
        <property>/velocities/airspeed-kt</property>
        <factor>0.01</factor>
      </volume>
      <volume>
        <internal>dt_stop</internal>
        <factor>0.05</factor>
        <max>1.0</max>
      </volume>
      <pitch>
        <property>/velocities/airspeed-kt</property>
        <factor>0.0025</factor>
        <offset>1.2</offset>
      </pitch>
    </squeal>

    <flap>
      <name>flaps</name>
      <mode>in-transit</mode>
      <path>Sounds/flaps.wav</path>
      <property>/surface-positions/left-flap-pos-norm</property>
      <volume>
        <factor>0.15</factor>
      </volume>
    </flap>

    <flap>
      <name>flaps</name>
      <mode>in-transit</mode>
      <path>Sounds/flaps.wav</path>
      <property>/surface-positions/right-flap-pos-norm</property>
      <volume>
        <factor>0.25</factor>
      </volume>
    </flap>

    <spoiler>
      <name>spoilers</name>
      <mode>in-transit</mode>
      <path>Sounds/flaps.wav</path>
      <property>/surface-positions/left-lower-spoiler-pos-norm</property>
      <volume>
        <factor>0.15</factor>
      </volume>
    </spoiler>

    <spoiler>
      <name>spoilers</name>
      <mode>in-transit</mode>
      <path>Sounds/flaps.wav</path>
      <property>/surface-positions/left-upper-spoiler-pos-norm</property>
      <volume>
        <factor>0.15</factor>
      </volume>
    </spoiler>

    <spoiler>
      <name>spoilers</name>
      <mode>in-transit</mode>
      <path>Sounds/flaps.wav</path>
      <property>/surface-positions/right-lower-spoiler-pos-norm</property>
      <volume>
        <factor>0.25</factor>
      </volume>
    </spoiler>

    <spoiler>
      <name>spoilers</name>
      <mode>in-transit</mode>
      <path>Sounds/flaps.wav</path>
      <property>/surface-positions/right-upper-spoiler-pos-norm</property>
      <volume>
        <factor>0.25</factor>
      </volume>
    </spoiler>

    <wind>
      <name>wind</name>
      <mode>looped</mode>
      <path>Sounds/wind.wav</path>
      <property>/velocities/airspeed-kt</property>
      <volume>
        <property>/velocities/airspeed-kt</property>
        <factor>0.002</factor>
        <!--min>0.03</min-->
        <max>0.25</max>
      </volume>
      <pitch>
        <property>/velocities/airspeed-kt</property>
        <factor>0.01</factor>
        <offset>1.25</offset>
      </pitch>
    </wind>

    <stall>
      <name>stall</name>
      <path>Aircraft/F-16C/Sounds/warning1.wav</path>
      <property>/sim/alarms/stall-warning</property>
      <volume>
        <property>/velocities/airspeed-kt</property>
        <min>120.0</min>
      </volume>
    </stall>
	
	 <!-- flyby -->
		<flyby>
			<name>fly-by</name>
			<mode>once</mode>
			<path>Aircraft/F-16C/Sounds/flyby.wav</path>
			<condition>
			<and>
	    <greater-than>
	     	<property>velocities/mach</property>
	     	<value>0.8</value>
	    </greater-than>
				<equals>
					<property>sim/current-view/view-number</property>
					<value>6</value>
				</equals>
				</and>
				<not>
         	<property>/sim/current-view/internal</property>
	 	<property>/engines/engine/out-of-fuel</property>
     	</not>
		</condition>
			<volume>
				<property>velocities/airspeed-kt</property>
				<factor>0.001</factor>
			</volume>
			
		</flyby>
		
		 <!-- Sonic Boom -->
  <sonicboom>
   <name>Sonic Boom</name>
	<mode>once</mode>
   <path>Aircraft/F-16C/Sounds/sonicboom.wav</path>
   <condition>
   <and>
	    <greater-than>
	     	<property>velocities/mach</property>
	     	<value>1.0</value>
	    </greater-than>
	    <equals>
		    <property>/sim/current-view/internal</property>
		    <value>false</value>
		</equals>
	</and>
   </condition>
  </sonicboom>
  
  	<voice>
  <name>Geforce-breath-vox</name>
  <path>Aircraft/F-16C/Sounds/Geforce.wav</path>
  <condition>
   <greater-than>
    <property>/accelerations/pilot/z-accel-fps_sec</property>
    <value>-161</value>
   </greater-than>   
  </condition>
<volume>
<factor>0.9</factor>
</volume>
 </voice>

<voice>
  <name>Geforce-vox</name>
  <path>Aircraft/F-16C/Sounds/geforce1.wav</path>
  <condition>
   <less-than>
    <property>/accelerations/pilot/z-accel-fps_sec</property>
    <value>-225</value>
   </less-than>   
  </condition>
<volume>
<factor>0.9</factor>
</volume>
 </voice>
 
 <crash>
  <name>intense ground contact</name>
  <mode>once</mode>
  <path>Sounds/crash.wav</path>
  <property>sim/crashed</property>
  <volume>
    <factor>1</factor>
  </volume>
  <pitch>
    <factor>1.5</factor>
  </pitch>
</crash>

 <stall>
        <name>stall</name>
        <mode>looped</mode>
        <path>Aircraft/F-16C/Sounds/stall.wav</path>
        <condition>
            <less-than>
                <property>velocities/airspeed-kt</property>
                <value>120</value>
            </less-than>
          
        </condition>
        <volume>
            <max>0.5</max>
        </volume>
        <position>
            <x>-22</x>
            <y>0</y>
            <z>0</z>
        </position>
        <reference-dist>1.0</reference-dist>
        <max-dist>2.0</max-dist>
    </stall>	
	
	<pullup>
        <name>pullup</name>
        <mode>looped</mode>
        <path>Aircraft/F-16C/Sounds/pullup.wav</path>
        <condition>
            <less-than-equals>
                    		<property>position/altitude-agl-ft</property>
                    		<value>250</value>
                  	</less-than-equals>
            
                <equals>
              <property>/gear/gear[0]/position-norm</property>
              <value>0</value>
             </equals>
           
        </condition>
        <volume>
            <max>0.5</max>
        </volume>
        <position>
            <x>-22</x>
            <y>0</y>
            <z>0</z>
        </position>
        <reference-dist>1.0</reference-dist>
        <max-dist>2.0</max-dist>
    </pullup>	

<!-- no binding yet?
    <click>
      <name>click</name>
      <path>Sounds/click.wav</path>
    </click>
-->
<guns>
      <name>gunfire</name>
      <mode>looped</mode>
      <path>Aircraft/F-16C/Sounds/m61.wav</path>
      <condition> 
        <property>controls/armament/trigger</property>
        <property>ai/submodels/submodel/count</property>
      </condition>
      <volume> 
        <factor>1.2</factor>
        <max>1.0</max>
      </volume>
      <reference-dist>100</reference-dist>
      <max-dist>1000</max-dist>
	  <reference-dist>600.0</reference-dist>
    <max-dist>1000.0</max-dist>
	  
    </guns>

	 <low-fuel>
  <name>low-fuel</name>
  <mode>once</mode>
  <path>Aircraft/F-16C/Sounds/fuellow.wav</path>
  <condition>
    <less-than>
     <property>/consumables/fuel/total-fuel-gals</property>
    <value>200.00</value>
    </less-than>
	
  </condition>
</low-fuel>

<low-fuel2>
  <name>low-fuel2</name>
  <mode>once</mode>
  <path>Aircraft/F-16C/Sounds/fuellow.wav</path>
  <condition>
    <less-than>
     <property>/consumables/fuel/total-fuel-gals</property>
    <value>150.0</value>
    </less-than>
	
  </condition>
</low-fuel2>

<low-fuel3>
  <name>low-fuel3</name>
  <mode>once</mode>
  <path>Aircraft/F-16C/Sounds/fuellow.wav</path>
  <condition>
    <less-than>
     <property>/consumables/fuel/total-fuel-gals</property>
    <value>100.00</value>
    </less-than>
	
  </condition>
</low-fuel3>

<low-fuel4>
  <name>low-fuel4</name>
  <mode>once</mode>
  <path>Aircraft/F-16C/Sounds/fuellow.wav</path>
  <condition>
    <less-than>
     <property>/consumables/fuel/total-fuel-gals</property>
    <value>50.00</value>
    </less-than>
	
  </condition>
</low-fuel4>

<low-fuel5>
  <name>low-fuel5</name>
  <mode>once</mode>
  <path>Aircraft/F-16C/Sounds/bingofuel.wav</path>
  <condition>
    <less-than>
     <property>/consumables/fuel/total-fuel-gals</property>
    <value>1.0</value>
    </less-than>
	
  </condition>
</low-fuel5>


  </fx>

</PropertyList>
