<?xml version="1.0"?>

<PropertyList>

<fx>

<!-- External Sounds -->
 
 <!-- Engines-->
  <engine>
      <name>engine-start-outside</name>
      <mode>once</mode>
      <path>Aircraft/F-16C/Sounds/startup.wav</path>
      <condition>
<and>
 
<greater-than>  
   <property>/engines/engine[0]/rpm</property>
   <value>0.5</value>
   
  </greater-than>
  <less-than>
                <property>velocities/groundspeed-kt</property>
                <value>1</value>
            </less-than>
  <not>
   <property>/sim/current-view/internal</property>
  </not>
</and>
</condition>

      <volume>
        <property>engines/engine[0]/n2</property>
        <factor> 0.09 </factor>
        <min> 0.3 </min>
        <max> 0.9 </max>
      </volume>
      <pitch>
        <property>engines/engine[0]/n2</property>
        <factor> 0.01 </factor>
	<min> 0.0 </min>
	<max> 0.9 </max>
      </pitch>
      <reference-dist>100</reference-dist>
      <max-dist>1000</max-dist>
    </engine>
	
	
	<shutdown>
   <name>shutdown internal</name>
   <path>Aircraft/F-16C/Sounds/f-16shutdown-ext.wav</path>
   <condition>
    
     <equals>
      <property>engines/engine[0]/running</property>
      <value>false</value>
     </equals>
   </condition>
  </shutdown>
	
  
  
    <engine>
      <name>engine</name>
      <path>Aircraft/F-16C/Sounds/jet-blast.wav</path>
      <mode>looped</mode>
      <condition>
        <property>engines/engine[0]/running</property>
		
      </condition>
      <volume>
        <property>engines/engine[0]/prop-thrust</property>
        <factor type="double">0.00013</factor>
      </volume>
       <pitch>
        <property>engines/engine[0]/n1</property>
        <factor>0.2</factor>
      </pitch>
    </engine>

    <engine>
      <name>whine</name>
      <path>Aircraft/F-16C/Sounds/f16-whine.wav</path>
      <mode>looped</mode>
      <condition>
        <property>/engines/engine[0]/running</property>
		
      </condition>
      <volume>
        <property>/engines/engine[0]/n2</property>
        <factor type="double">0.0025</factor>
      </volume>
      <pitch>
        <property>/engines/engine[0]/n2</property>
        <factor>0.02</factor>
        <offset>-0.1</offset>
      </pitch>
    </engine>
	
	
	<engine>
   <name>Reheat</name>
   <mode>looped</mode>
   <path>Aircraft/F-16C/Sounds/gripen-burner.wav</path>
   <condition>
	 <property>engines/engine/afterburner</property>
    	   
   </condition>
   <position>
    	<x>6.0</x>
	<y>0.0</y>
	<z>0.0</z>
   </position>
   <orientation>
	<x>90.0</x>
    	<y>0.0</y>
    	<z>0.0</z>
    	<inner-angle>60.0</inner-angle>
    	<outer-angle>160.0</outer-angle>
    	<outer-gain>0.75</outer-gain>
   </orientation>
   <volume>
        <offset>1</offset>
	<min>0.3</min>
	<max>1.0</max>
   </volume>
  </engine>
  

    <!-- Sonic Boom -->
  <sonicboom>
   <name>Sonic Boom</name>
	<mode>once</mode>
   <path>Aircraft/JAS39-Gripen/Sounds/sonicboom.wav</path>
   <condition>
   <and>
	    <greater-than>
	     	<property>velocities/mach</property>
	     	<value>1.0</value>
	    </greater-than>
	    <equals>
		    <property>/sim/current-view/internal</property>
		    <value>false</value>
		</equals>
	</and>
   </condition>
    <reference-dist>600.0</reference-dist>
    <max-dist>6000.0</max-dist>
  </sonicboom>

<!-- flyby -->
		<flyby>
			<name>fly-by</name>
			<mode>once</mode>
			<path>Aircraft/JAS39-Gripen/Sounds/flyby.wav</path>
			<condition>
			<and>
	    <greater-than>
	     	<property>velocities/mach</property>
	     	<value>0.8</value>
	    </greater-than>
				<equals>
					<property>sim/current-view/view-number</property>
					<value>6</value>
				</equals>
				</and>
				<not>
         	<property>/sim/current-view/internal</property>
	 	
     	</not>
		</condition>
			<volume>
				<property>velocities/airspeed-kt</property>
				<factor>0.001</factor>
			</volume>
			
		</flyby>

<guns>
      <name>gunfire</name>
      <mode>looped</mode>
      <path>Aircraft/JAS39-Gripen/Sounds/cannon.wav</path>
      <condition> 
        <property>controls/armament/trigger</property>
        <property>ai/submodels/submodel/count</property>
      </condition>
      <volume> 
        <factor>1.2</factor>
        <max>1.0</max>
      </volume>
      <reference-dist>100</reference-dist>
      <max-dist>1000</max-dist>
	  <reference-dist>600.0</reference-dist>
    <max-dist>1000.0</max-dist>
	  
    </guns>	</fx>

</PropertyList>
