<?xml version="1.0"?>

<PropertyList>

 <path>rudder_pedals.ac</path>

 <animation>
  <type>translate</type>
  <object-name>Pedal.1</object-name>
  <property>controls/flight/rudder</property>
  <factor>0.06</factor>
  <axis>
   <x>1.0</x>
   <y>0.0</y>
   <z>0.0</z>
  </axis>
 </animation>

 <animation>
  <type>rotate</type>
  <object-name>Pedal.1</object-name>
  <property>controls/gear/brake-left</property>
  <factor>-15</factor>
  <axis>
   <x>0.0</x>
   <y>1.0</y>
   <z>0.0</z>
  </axis>
  <center>
   <x-m>0.06</x-m>
   <y-m>0</y-m>
   <z-m>0.02</z-m>
  </center>
 </animation>

 <animation>
  <type>translate</type>
  <object-name>Pedal.2</object-name>
  <property>controls/flight/rudder</property>
  <factor>-0.06</factor>
  <axis>
   <x>1.0</x>
   <y>0.0</y>
   <z>0.0</z>
  </axis>
 </animation>

 <animation>
  <type>rotate</type>
  <object-name>Pedal.2</object-name>
  <property>controls/gear/brake-right</property>
  <factor>-15</factor>
  <axis>
   <x>0.0</x>
   <y>1.0</y>
   <z>0.0</z>
  </axis>
  <center>
   <x-m>0.06</x-m>
   <y-m>0</y-m>
   <z-m>0.02</z-m>
  </center>
 </animation>


</PropertyList>
