<?xml version="1.0"?>

<PropertyList>

 <path>mfd.ac</path>

 <animation>
  <type>rotate</type>
  <object-name>horizon</object-name>
  <property>orientation/roll-deg</property>
  <axis>
   <x>1</x>
   <y>0</y>
   <z>0</z>
  </axis>
 </animation>

 <animation>
  <type>translate</type>
  <object-name>scan_marker</object-name>
  <property>instrumentation/radar2/sweep-marker-norm</property>
  <factor>0.0422</factor>
  <axis>
   <x>0</x>
   <y>1</y>
   <z>0</z>
  </axis>
 </animation>

</PropertyList>
