<?xml version="1.0"?>

<PropertyList>
	
<animation>
        <type>range</type>
        <min-m>0</min-m>
        <max-m>1000</max-m>
    </animation>


<!--station left 1 -->


<model>
<name>left-dummy-pos-1</name>
<path>Aircraft/F-16C/Models/Armament/Weapons/AIM-9/AIM-9L_dummy.ac</path>
<offsets>
<x-m>1.4</x-m>
<y-m>-4.9</y-m>
<z-m>0</z-m>
<pitch-deg>-3</pitch-deg>
</offsets>
</model>	
  
<animation>
<type>select</type>
<object-name>left-dummy-pos-1</object-name>      
<condition>
<and>
<equals>
<property>sim/weight[0]/selected</property>
<value>Dummy-AIM-9</value>
</equals>
<equals>
<property>controls/armament/station[0]/release</property>
<value>false</value>
</equals>
</and>
</condition>
</animation> 


<model>
<name>left-aim9-pos-1</name>
<path>Aircraft/FGUK-weapons/Air-Air/aim9/AIM-9.xml</path>
<offsets>
<x-m>1.3</x-m>
<y-m>-4.87</y-m>
<z-m>0</z-m>
<pitch-deg>-3</pitch-deg>
</offsets>
</model>	
  
<animation>
<type>select</type>
<object-name>left-aim9-pos-1</object-name>      
<condition>
<and>
<equals>
<property>sim/weight[0]/selected</property>
<value>AIM-9 Sidewinder</value>
</equals>
<equals>
<property>controls/armament/station[0]/release</property>
<value>false</value>
</equals>
</and>
</condition>
</animation> 

<model>
<name>left-aim120-pos-1</name>
<path>Aircraft/FGUK-weapons/Air-Air/aim120/AIM-120.xml</path>
<offsets>
<x-m>1.0</x-m>
<y-m>-4.87</y-m>
<z-m>0</z-m>
<pitch-deg>-3</pitch-deg>
</offsets>
</model>	
  
<animation>
<type>select</type>
<object-name>left-aim120-pos-1</object-name>      
<condition>
<and>
<equals>
<property>sim/weight[0]/selected</property>
<value>AIM-120</value>
</equals>
<equals>
<property>controls/armament/station[0]/release</property>
<value>false</value>
</equals>
</and>
</condition>
</animation> 


<!-- station left 2 -->

<model>
<name>left-aim9-pos-2</name>
<path>Aircraft/FGUK-weapons/Air-Air/aim9/AIM-9.xml</path>
<offsets>
<x-m>0.5</x-m>
<y-m>-2.87</y-m>
<z-m>-0.33</z-m>
<pitch-deg>-4.5</pitch-deg>
</offsets>
</model>	
  
<animation>
<type>select</type>
<object-name>left-aim9-pos-2</object-name>      
<condition>
<and>
<equals>
<property>sim/weight[1]/selected</property>
<value>AIM-9 Sidewinder</value>
</equals>
<equals>
<property>controls/armament/station[1]/release</property>
<value>false</value>
</equals>
</and>
</condition>
</animation> 



<model>
<name>left-aim120-pos-2</name>
<path>Aircraft/FGUK-weapons/Air-Air/aim120/AIM-120.xml</path>
<offsets>
<x-m>0.25</x-m>
<y-m>-2.87</y-m>
<z-m>-0.33</z-m>
<pitch-deg>-4.5</pitch-deg>
</offsets>
</model>	
  
<animation>
<type>select</type>
<object-name>left-aim120-pos-2</object-name>      
<condition>
<and>
<equals>
<property>sim/weight[1]/selected</property>
<value>AIM-120</value>
</equals>
<equals>
<property>controls/armament/station[1]/release</property>
<value>false</value>
</equals>
</and>
</condition>
</animation> 


<model>
<name>left-aim7-pos-1</name>
<path>Aircraft/FGUK-weapons/Air-Air/aim7/AIM7.xml</path>
<offsets>
<x-m>0.25</x-m>
<y-m>-2.87</y-m>
<z-m>-0.33</z-m>
<pitch-deg>-4.5</pitch-deg>
</offsets>
</model>	
  
<animation>
<type>select</type>
<object-name>left-aim7-pos-1</object-name>      
<condition>
<and>
<equals>
<property>sim/weight[1]/selected</property>
<value>AIM-7</value>
</equals>
<equals>
<property>controls/armament/station[1]/release</property>
<value>false</value>
</equals>
</and>
</condition>
</animation> 

<model>
<name>left-mk82-pos-1</name>
<path>Aircraft/F-16C/Models/Armament/3xmk82.xml</path>
<offsets>
<x-m>0.55</x-m>
<y-m>-2.87</y-m>
<z-m>-0.33</z-m>
<pitch-deg>-4.5</pitch-deg>
</offsets>
</model>	
  
<animation>
<type>select</type>
<object-name>left-mk82-pos-1</object-name>      
<condition>
<and>
<equals>
<property>sim/weight[1]/selected</property>
<value>3x MK-82</value>
</equals>
<equals>
<property>controls/armament/station[1]/release</property>
<value>false</value>
</equals>
</and>
</condition>
</animation> 



<model>
<name>left-agm65-pos-1</name>
<path>Aircraft/F-16C/Models/Armament/3xagm65.xml</path>
<offsets>
<x-m>0.55</x-m>
<y-m>-2.87</y-m>
<z-m>-0.33</z-m>
<pitch-deg>-4.5</pitch-deg>
</offsets>
</model>	
  
<animation>
<type>select</type>
<object-name>left-agm65-pos-1</object-name>      
<condition>
<and>
<equals>
<property>sim/weight[1]/selected</property>
<value>3x AGM-65</value>
</equals>
<equals>
<property>controls/armament/station[1]/release</property>
<value>false</value>
</equals>
</and>
</condition>
</animation> 



<model>
<name>left-agm88-pos-1</name>
<path>Aircraft/FGUK-weapons/Air-Ground/agm88/AGM-88.xml</path>
<offsets>
<x-m>-0.1</x-m>
<y-m>-2.87</y-m>
<z-m>-0.45</z-m>
<pitch-deg>-4.5</pitch-deg>
</offsets>
</model>	
  
<animation>
<type>select</type>
<object-name>left-agm88-pos-1</object-name>      
<condition>
<and>
<equals>
<property>sim/weight[1]/selected</property>
<value>AGM-88</value>
</equals>
<equals>
<property>controls/armament/station[1]/release</property>
<value>false</value>
</equals>
</and>
</condition>
</animation> 


<model>
<name>left-agm84-pos-1</name>
<path>Aircraft/FGUK-weapons/Air-Ground/agm84/AGM-84.xml</path>
<offsets>
<x-m>-0.0</x-m>
<y-m>-2.87</y-m>
<z-m>-0.45</z-m>
<pitch-deg>-4.5</pitch-deg>
</offsets>
</model>	
  
<animation>
<type>select</type>
<object-name>left-agm84-pos-1</object-name>      
<condition>
<and>
<equals>
<property>sim/weight[1]/selected</property>
<value>AGM-84</value>
</equals>
<equals>
<property>controls/armament/station[1]/release</property>
<value>false</value>
</equals>
</and>
</condition>
</animation> 
	
<!-- station left 3 -->

<model>
<name>Left-Tank</name>
<path>Aircraft/F-16C/Models/Armament/External-stores/300G.ac</path>
<offsets>
<x-m>-0.2</x-m>
<y-m>-1.63</y-m>
<z-m>-0.5</z-m>
<pitch-deg>-5</pitch-deg>

</offsets>
</model>	
  
<animation>
<type>select</type>
<object-name>Left-Tank</object-name>      
<condition>
<and>
<equals>
<property>sim/weight[2]/selected</property>
<value>330 Gal Droptank</value>
</equals>
<equals>
<property>controls/armament/station[2]/release</property>
<value>false</value>
</equals>
</and>
</condition>
</animation>  


<model>
<name>left-mk82-pos-2</name>
<path>Aircraft/F-16C/Models/Armament/3xmk82.xml</path>
<offsets>
<x-m>-0.2</x-m>
<y-m>-1.63</y-m>
<z-m>-0.4</z-m>
<pitch-deg>-4.5</pitch-deg>
</offsets>
</model>	
  
<animation>
<type>select</type>
<object-name>left-mk82-pos-2</object-name>      
<condition>
<and>
<equals>
<property>sim/weight[2]/selected</property>
<value>3x MK-82</value>
</equals>
<equals>
<property>controls/armament/station[2]/release</property>
<value>false</value>
</equals>
</and>
</condition>
</animation> 



<model>
<name>left-agm84-pos-2</name>
<path>Aircraft/FGUK-weapons/Air-Ground/agm84/AGM-84.xml</path>
<offsets>
<x-m>-0.3</x-m>
<y-m>-1.63</y-m>
<z-m>-0.41</z-m>
<pitch-deg>-4.5</pitch-deg>
</offsets>
</model>	
  
<animation>
<type>select</type>
<object-name>left-agm84-pos-2</object-name>      
<condition>
<and>
<equals>
<property>sim/weight[2]/selected</property>
<value>AGM-84</value>
</equals>
<equals>
<property>controls/armament/station[2]/release</property>
<value>false</value>
</equals>
</and>
</condition>
</animation> 

<!-- Station Left 4 -->



<!-- Centre Station -->
<model>
<name>Centre-Tank</name>
<path>Aircraft/F-16C/Models/Armament/External-stores/300G.ac</path>
<offsets>
<x-m>0</x-m>
<y-m>0</y-m>
<z-m>-1.2</z-m>
<pitch-deg>-2</pitch-deg>

</offsets>
</model>	
  
<animation>
<type>select</type>
<object-name>Centre-Tank</object-name>      
<condition>
<and>
<equals>
<property>sim/weight[4]/selected</property>
<value>330 Gal Droptank</value>
</equals>
<equals>
<property>controls/armament/station[4]/release</property>
<value>false</value>
</equals>
</and>
</condition>
</animation>  



<!-- Station right 4 -->



<!-- station right 3 -->
 <model>
<name>Right-Tank</name>
<path>Aircraft/F-16C/Models/Armament/External-stores/300G.ac</path>
<offsets>
<x-m>-0.2</x-m>
<y-m>1.63</y-m>
<z-m>-0.5</z-m>
<pitch-deg>-5</pitch-deg>

</offsets>
</model>	
  
<animation>
<type>select</type>
<object-name>Right-Tank</object-name>      
<condition>
<and>
<equals>
<property>sim/weight[6]/selected</property>
<value>330 Gal Droptank</value>
</equals>
<equals>
<property>controls/armament/station[6]/release</property>
<value>false</value>
</equals>
</and>
</condition>
</animation> 

<model>
<name>right-mk82-pos-2</name>
<path>Aircraft/F-16C/Models/Armament/3xmk82.xml</path>
<offsets>
<x-m>-0.2</x-m>
<y-m>1.63</y-m>
<z-m>-0.4</z-m>
<pitch-deg>-4.5</pitch-deg>
</offsets>
</model>	
  
<animation>
<type>select</type>
<object-name>right-mk82-pos-2</object-name>      
<condition>
<and>
<equals>
<property>sim/weight[6]/selected</property>
<value>3x MK-82</value>
</equals>
<equals>
<property>controls/armament/station[6]/release</property>
<value>false</value>
</equals>
</and>
</condition>
</animation> 

<model>
<name>right-agm84-pos-2</name>
<path>Aircraft/FGUK-weapons/Air-Ground/agm84/AGM-84.xml</path>
<offsets>
<x-m>-0.3</x-m>
<y-m>1.63</y-m>
<z-m>-0.41</z-m>
<pitch-deg>-4.5</pitch-deg>
</offsets>
</model>	
  
<animation>
<type>select</type>
<object-name>right-agm84-pos-2</object-name>      
<condition>
<and>
<equals>
<property>sim/weight[6]/selected</property>
<value>AGM-84</value>
</equals>
<equals>
<property>controls/armament/station[6]/release</property>
<value>false</value>
</equals>
</and>
</condition>
</animation> 

<!-- station right 2 -->
<model>
<name>right-aim9-pos-2</name>
<path>Aircraft/FGUK-weapons/Air-Air/aim9/AIM-9.xml</path>
<offsets>
<x-m>0.5</x-m>
<y-m>2.87</y-m>
<z-m>-0.33</z-m>
<pitch-deg>-4.5</pitch-deg>
</offsets>
</model>	
  
<animation>
<type>select</type>
<object-name>right-aim9-pos-2</object-name>      
<condition>
<and>
<equals>
<property>sim/weight[7]/selected</property>
<value>AIM-9 Sidewinder</value>
</equals>
<equals>
<property>controls/armament/station[7]/release</property>
<value>false</value>
</equals>
</and>
</condition>
</animation> 

<model>
<name>right-aim120-pos-2</name>
<path>Aircraft/FGUK-weapons/Air-Air/aim120/AIM-120.xml</path>
<offsets>
<x-m>0.25</x-m>
<y-m>2.87</y-m>
<z-m>-0.33</z-m>
<pitch-deg>-4.5</pitch-deg>
</offsets>
</model>	
  
<animation>
<type>select</type>
<object-name>right-aim120-pos-2</object-name>      
<condition>
<and>
<equals>
<property>sim/weight[7]/selected</property>
<value>AIM-120</value>
</equals>
<equals>
<property>controls/armament/station[7]/release</property>
<value>false</value>
</equals>
</and>
</condition>
</animation> 

<model>
<name>right-aim7-pos-1</name>
<path>Aircraft/FGUK-weapons/Air-Air/aim7/AIM7.xml</path>
<offsets>
<x-m>0.25</x-m>
<y-m>2.87</y-m>
<z-m>-0.33</z-m>
<pitch-deg>-4.5</pitch-deg>
</offsets>
</model>	
  
<animation>
<type>select</type>
<object-name>right-aim7-pos-1</object-name>      
<condition>
<and>
<equals>
<property>sim/weight[7]/selected</property>
<value>AIM-7</value>
</equals>
<equals>
<property>controls/armament/station[7]/release</property>
<value>false</value>
</equals>
</and>
</condition>
</animation> 

<model>
<name>right-mk82-pos-1</name>
<path>Aircraft/F-16C/Models/Armament/3xmk82.xml</path>
<offsets>
<x-m>0.55</x-m>
<y-m>2.87</y-m>
<z-m>-0.33</z-m>
<pitch-deg>-4.5</pitch-deg>
</offsets>
</model>	
  
<animation>
<type>select</type>
<object-name>right-mk82-pos-1</object-name>      
<condition>
<and>
<equals>
<property>sim/weight[7]/selected</property>
<value>3x MK-82</value>
</equals>
<equals>
<property>controls/armament/station[7]/release</property>
<value>false</value>
</equals>
</and>
</condition>
</animation> 

<model>
<name>right-agm65-pos-1</name>
<path>Aircraft/F-16C/Models/Armament/3xagm65.xml</path>
<offsets>
<x-m>0.55</x-m>
<y-m>2.87</y-m>
<z-m>-0.33</z-m>
<pitch-deg>-4.5</pitch-deg>
</offsets>
</model>	
  
<animation>
<type>select</type>
<object-name>right-agm65-pos-1</object-name>      
<condition>
<and>
<equals>
<property>sim/weight[7]/selected</property>
<value>3x AGM-65</value>
</equals>
<equals>
<property>controls/armament/station[7]/release</property>
<value>false</value>
</equals>
</and>
</condition>
</animation> 

<model>
<name>right-agm88-pos-1</name>
<path>Aircraft/FGUK-weapons/Air-Ground/agm88/AGM-88.xml</path>
<offsets>
<x-m>-0.1</x-m>
<y-m>2.87</y-m>
<z-m>-0.45</z-m>
<pitch-deg>-4.5</pitch-deg>
</offsets>
</model>	
  
<animation>
<type>select</type>
<object-name>right-agm88-pos-1</object-name>      
<condition>
<and>
<equals>
<property>sim/weight[7]/selected</property>
<value>AGM-88</value>
</equals>
<equals>
<property>controls/armament/station[7]/release</property>
<value>false</value>
</equals>
</and>
</condition>
</animation> 

<model>
<name>right-agm84-pos-1</name>
<path>Aircraft/FGUK-weapons/Air-Ground/agm84/AGM-84.xml</path>
<offsets>
<x-m>-0.0</x-m>
<y-m>2.87</y-m>
<z-m>-0.45</z-m>
<pitch-deg>-4.5</pitch-deg>
</offsets>
</model>	
  
<animation>
<type>select</type>
<object-name>right-agm84-pos-1</object-name>      
<condition>
<and>
<equals>
<property>sim/weight[7]/selected</property>
<value>AGM-84</value>
</equals>
<equals>
<property>controls/armament/station[7]/release</property>
<value>false</value>
</equals>
</and>
</condition>
</animation> 

<!--station right 1 -->

<model>
<name>right-dummy-pos-1</name>
<path>Aircraft/F-16C/Models/Armament/Weapons/AIM-9/AIM-9L_dummy.ac</path>
<offsets>
<x-m>1.4</x-m>
<y-m>4.9</y-m>
<z-m>0</z-m>
<pitch-deg>-3</pitch-deg>

</offsets>
</model>	
  
<animation>
<type>select</type>
<object-name>right-dummy-pos-1</object-name>      
<condition>
<and>
<equals>
<property>sim/weight[8]/selected</property>
<value>Dummy-AIM-9</value>
</equals>
<equals>
<property>controls/armament/station[8]/release</property>
<value>false</value>
</equals>
</and>
</condition>
</animation>  		
	
<model>
<name>right-aim9-pos-1</name>
<path>Aircraft/FGUK-weapons/Air-Air/aim9/AIM-9.xml</path>
<offsets>
<x-m>1.3</x-m>
<y-m>4.87</y-m>
<z-m>0</z-m>
<pitch-deg>-3</pitch-deg>
</offsets>
</model>	
  
<animation>
<type>select</type>
<object-name>right-aim9-pos-1</object-name>      
<condition>
<and>
<equals>
<property>sim/weight[8]/selected</property>
<value>AIM-9 Sidewinder</value>
</equals>
<equals>
<property>controls/armament/station[8]/release</property>
<value>false</value>
</equals>
</and>
</condition>
</animation> 


<model>
<name>right-aim120-pos-1</name>
<path>Aircraft/FGUK-weapons/Air-Air/aim120/AIM-120.xml</path>
<offsets>
<x-m>1.0</x-m>
<y-m>4.87</y-m>
<z-m>0</z-m>
<pitch-deg>-3</pitch-deg>
</offsets>
</model>	
  
<animation>
<type>select</type>
<object-name>right-aim120-pos-1</object-name>      
<condition>
<and>
<equals>
<property>sim/weight[8]/selected</property>
<value>AIM-120</value>
</equals>
<equals>
<property>controls/armament/station[8]/release</property>
<value>false</value>
</equals>
</and>
</condition>
</animation> 

</PropertyList>
