<?xml version="1.0"?>

<PropertyList>
<!--
 <path>baseline.ac</path>
 <offsets>
  <z-m>0.15</z-m>
  <pitch-deg>0.3</pitch-deg>
 </offsets>
-->
 <!-- sort transparent objects -->
<!--
 <animation>
  <object-name>canopy_glass_fwd</object-name>
  <object-name>hud_glass</object-name>
  <object-name>canopy_back</object-name>
 </animation>
-->
 <!-- group all position lights -->
 <!--
 <animation>
  <name>pos_lights</name>
  <object-name>aft_pos_light1</object-name>
 </animation>

 <animation>
  <name>pos_lights_lit</name>
  <object-name>green_pos_light1</object-name>
  <object-name>red_pos_light1</object-name>
  <object-name>wing_red_pos_light</object-name>
  <object-name>wing_green_pos_light</object-name>
 </animation>
-->
 <!-- disable shadows for these objects -->
<!--
 <animation>
  <type>noshadow</type>
  <object-name>pos_lights_lit</object-name>
  <object-name>pos_lights</object-name>
  <object-name>afterburner</object-name>
  <object-name>turbine</object-name>
  <object-name>fan</object-name>
  <object-name>internal_flame</object-name>
  <object-name>external_flame</object-name>
  <object-name>low_formation_light</object-name>
  <object-name>fwd_formation_light</object-name>
  <object-name>anti_collision_strobe_off</object-name>
  <object-name>hud_glass</object-name>
  <object-name>lhicondenscone</object-name>
  <object-name>rhicondenscone</object-name>
  <object-name>lhocondenscone</object-name>
  <object-name>rhocondenscone</object-name>
 </animation>
-->
<!--
 <animation>
  <type>alpha-test</type>
  <alpha-factor>0.01</alpha-factor>
 </animation>
-->

<!-- Submodels -->
<!--
 <model>
  <name>RudderPedals</name>
  <path>Aircraft/f16/Models/rudder_pedals.xml</path>
  <offsets>
   <x-m>-5.05</x-m>
   <y-m>0.0</y-m>
   <z-m>0.14</z-m>
  </offsets>
 </model>

 <model>
  <name>Throttle</name>
  <path>Aircraft/f16/Models/throttle.xml</path>
  <offsets>
   <x-m>-4.25</x-m>
   <y-m>-0.435</y-m>
   <z-m>0.185</z-m>
  </offsets>
 </model>

 <model>
  <name>strobe</name>
  <path>Models/Aircraft/strobe.xml</path>
 </model>

 <animation>
  <type>translate</type>
  <object-name>strobe</object-name>
  <offset-m>6.21</offset-m>
  <axis>
   <x>5.3</x>
   <y>0.0</y>
   <z>3.2</z>
  </axis>
 </animation>
-->

<!-- Panels -->
<!--
 <model>
  <name>ICP</name>
  <path>Aircraft/f16/Models/Cockpit/Panels/icp.ac</path>
  <offsets>
   <x-m>-4.635</x-m>
   <y-m>0.0</y-m>
   <z-m>0.617</z-m>
  </offsets>
 </model>

 <model>
  <name>DED</name>
  <path>Aircraft/f16/Models/ded.ac</path>
  <offsets>
   <x-m>-4.76</x-m>
   <y-m>0.13</y-m>
   <z-m>0.63</z-m>
  </offsets>
 </model>

 <model>
  <name>MISC</name>
  <path>Aircraft/f16/Models/misc.ac</path>
  <offsets>
   <x-m>-4.760</x-m>
   <y-m>-0.25</y-m>
   <z-m>0.48</z-m>
   <pitch-deg>-5.45</pitch-deg>
  </offsets>
 </model>

 <model>
  <name>ENGINE</name>
  <path>Aircraft/f16/Models/engine.ac</path>
  <offsets>
   <x-m>-4.760</x-m>
   <y-m>0.25</y-m>
   <z-m>0.48</z-m>
   <pitch-deg>-5.45</pitch-deg>
  </offsets>
 </model>
-->
<!--
 <model>
  <name>LEFT</name>
  <path>Aircraft/f16/Models/left_front.xml</path>
  <offsets>
   <x-m>-4.66</x-m>
   <y-m>-0.31</y-m>
   <z-m>0.33</z-m>-->
   <!-- roll-deg>-5.0</roll-deg -->
<!--   <pitch-deg>-46.0</pitch-deg>
   <heading-deg>-4.2</heading-deg>
  </offsets>
 </model>-->
<!--
 <model>
  <name>MFD1</name>
  <path>Aircraft/f16/Models/mfd.ac</path>
  <offsets>
   <x-m>-4.780</x-m>
   <y-m>-0.15</y-m>
   <z-m>0.49</z-m>
  </offsets>
 </model>

 <model>
  <name>MFD2</name>
  <path>Aircraft/f16/Models/mfd.ac</path>
  <offsets>
   <x-m>-4.780</x-m>
   <y-m>0.15</y-m>
   <z-m>0.49</z-m>
  </offsets>
 </model>

 <model>
  <name>EJECT</name>
  <path>Aircraft/f16/Models/ejection_handle.ac</path>
  <offsets>
   <x-m>-4.570</x-m>
   <y-m>0.0</y-m>
   <z-m>0.26</z-m>
  </offsets>
 </model>
-->
<!-- Instruments -->

<!--
 <model>
  <name>ASI</name>
  <path>Aircraft/Instruments-3d/asi/asi.xml</path>
  <offsets>
   <x-m>-4.0667</x-m>
   <y-m>0.04667</y-m>
   <z-m>0.43</z-m>
  </offsets>
 </model>

 <model>
  <name>ALT</name>
  <path>Aircraft/Instruments-3d/alt/alt.xml</path>
  <offsets>
   <x-m>-4.3667</x-m>
   <y-m>-0.04667</y-m>
   <z-m>0.43</z-m>
  </offsets>
 </model>

 <model>
  <name>AI</name>
  <path>Aircraft/Instruments-3d/ai/ai.xml</path>
  <offsets>
   <x-m>-4.64</x-m>
   <y-m>0.0</y-m>
   <z-m>0.28</z-m>
  </offsets>
 </model>
-->

 <!-- Visible up to 10km (6mi) -->
<!--
 <animation>
  <type>range</type>
  <min-m>0</min-m>
  <max-m>10000</max-m>
 </animation>

 <animation>
  <name>InstrumentGroup</name>
  <object-name>ASI</object-name>
  <object-name>AI</object-name>
  <object-name>ALT</object-name>
  <object-name>ICP</object-name>
  <object-name>MISC</object-name>
  <object-name>LEFT</object-name>
 </animation>
-->


<!-- fuselage animations -->
<!--
 <animation>
  <type>select</type>
  <object-name>internal_flame</object-name>
  <condition>
   <equals>
    <property>engines/engine[0]/augmentation</property>
    <value>true</value>
   </equals>
  </condition>
 </animation>

 <animation>
  <type>select</type>
  <object-name>external_flame</object-name>
  <condition>
   <equals>
    <property>engines/engine[0]/augmentation</property>
    <value>true</value>
   </equals>
  </condition>
 </animation>

 <animation>
  <type>rotate</type>
  <object-name>rudder</object-name>
  <property>surface-positions/rudder-pos-norm</property>
  <factor>30</factor>
  <center>
   <x-m>4.915</x-m>
   <y-m>0.0</y-m>
   <z-m>2.095</z-m>
  </center>
  <axis>
   <x>0.547371</x>
   <y>0.0</y>
   <z>0.836890</z>
  </axis>
 </animation>

 <animation>
  <type>rotate</type>
  <object-name>front_wheel</object-name>
  <object-name>front_lower_strut</object-name>
  <property>gear/gear[0]/steering-norm</property>
  <factor>-80</factor>
  <center>
   <x-m>-2.97</x-m>
   <y-m>0.0</y-m>
   <z-m>0.0</z-m>
  </center>
  <axis>
   <x>0</x>
   <y>0</y>
   <z>1</z>
  </axis>
 </animation>

 <animation>
  <type>rotate</type>
  <object-name>front_wheel</object-name>
  <object-name>front_lower_strut</object-name>
  <object-name>front_upper_strut</object-name>
  <object-name>front_aft_strut</object-name>
  <property>gear/gear[0]/position-norm</property>
  <factor>92</factor>
  <offset-deg>-92</offset-deg>
  <center>
   <x-m>-2.97</x-m>
   <y-m>0.0</y-m>
   <z-m>-0.805</z-m>
  </center>
  <axis>
   <x>0</x>
   <y>1</y>
   <z>0</z>
  </axis>
 </animation>

 <animation>
  <type>rotate</type>
  <object-name>front_aft_strut</object-name>
  <property>gear/gear[0]/position-norm</property>
  <factor>-120</factor>
  <offset-deg>120</offset-deg>
  <center>
   <x-m>-2.94</x-m>
   <y-m>0.0</y-m>
   <z-m>-1.17</z-m>
  </center>
  <axis>
   <x>0</x>
   <y>1</y>
   <z>0</z>
  </axis>
 </animation>

 <animation>
  <type>rotate</type>
  <object-name>front_wheel</object-name>
  <object-name>front_lower_strut</object-name>
  <property>gear/gear[0]/position-norm</property>
  <factor>90</factor>
  <offset-deg>-90</offset-deg>
  <center>
   <x-m>-2.97</x-m>
   <y-m>0.0</y-m>
   <z-m>-0.805</z-m>
  </center>
  <axis>
   <x>0</x>
   <y>0</y>
   <z>1</z>
  </axis>
 </animation>

 <animation>
  <type>rotate</type>
  <object-name>internal_front_gear_door</object-name>
  <object-name>external_front_gear_door</object-name>
  <property>gear/gear[0]/position-norm</property>
  <factor>420</factor>
  <offset-deg>-100</offset-deg>
  <min-deg>-91</min-deg>
  <max-deg>0</max-deg>
  <center>
   <x-m>-2.5</x-m>
   <y-m>0.28</y-m>
   <z-m>-0.805</z-m>
  </center>
  <axis>
   <x>0.999843</x>
   <y>0.015871</y>
   <z>0.007935</z>
  </axis>
 </animation>

 <animation>
  <type>rotate</type>
  <object-name>internal_right_main_door</object-name>
  <object-name>external_right_main_door</object-name>
  <property>gear/gear[2]/position-norm</property>
  <factor>460</factor>
  <min-deg>0</min-deg>
  <max-deg>85</max-deg>
  <center>
   <x-m>-0.755</x-m>
   <y-m>0.76</y-m>
   <z-m>-0.43</z-m>
  </center>
  <axis>
   <x>1.0</x>
   <y>0.0</y>
   <z>0.0</z>
  </axis>
 </animation>

 <animation>
  <type>rotate</type>
  <object-name>internal_left_main_door</object-name>
  <object-name>external_left_main_door</object-name>
  <property>gear/gear[1]/position-norm</property>
  <factor>460</factor>
  <min-deg>0</min-deg>
  <max-deg>85</max-deg>
  <center>
   <x-m>-0.755</x-m>
   <y-m>-0.76</y-m>
   <z-m>-0.43</z-m>
  </center>
  <axis>
   <x>-1.0</x>
   <y>0.0</y>
   <z>0.0</z>
  </axis>
 </animation>
-->
<!--
 <animation>
  <type>translate</type>
  <object-name>front_wheel</object-name>
  <object-name>front_lower_strut</object-name>
  <property>gear/gear/compression-norm</property>
  <factor>0.5</factor>
  <axis>
   <x>0</x>
   <y>0</y>
   <z>1</z>
  </axis>
 </animation>
-->
<!--
 <animation>
  <type>rotate</type>
  <object-name>left_main_wheel</object-name>
  <object-name>left_main_strut</object-name>
  <object-name>left_upper_main_strut</object-name>
  <object-name>left_lower_main_strut</object-name>
  <property>gear/gear[2]/position-norm</property>
  <factor>-95</factor>
  <offset-deg>95</offset-deg>
  <center>
   <x-m>0.64</x-m>
   <y-m>-0.44</y-m>
   <z-m>-0.66</z-m>
  </center>
  <axis>
   <x>0.0</x>
   <y>0.868243</y>
   <z>-0.496139</z>
  </axis>
 </animation>

 <animation>
  <type>rotate</type>
  <object-name>left_upper_main_strut</object-name>
  <object-name>left_lower_main_strut</object-name>
  <property>gear/gear[2]/position-norm</property>
  <factor>-55</factor>
  <offset-deg>55</offset-deg>
  <center>
   <x-m>0.62</x-m>
   <y-m>-0.92</y-m>
   <z-m>-1.34</z-m>
  </center>
  <axis>
   <x>0.0</x>
   <y>0.868243</y>
   <z>-0.496139</z>
  </axis>
 </animation>

 <animation>
  <type>rotate</type>
  <object-name>left_upper_main_strut</object-name>
  <property>gear/gear[2]/position-norm</property>
  <factor>55</factor>
  <offset-deg>-55</offset-deg>
  <center>
   <x-m>0.07</x-m>
   <y-m>-0.60</y-m>
   <z-m>-1.04</z-m>
  </center>
  <axis>
   <x>0.0</x>
   <y>0.868243</y>
   <z>-0.496139</z>
  </axis>
 </animation>

 <animation>
  <type>rotate</type>
  <object-name>left_main_wheel</object-name>
  <property>gear/gear[2]/position-norm</property>
  <factor>-90</factor>
  <offset-deg>90</offset-deg>
  <center>
   <x-m>0.62</x-m>
   <y-m>-1.12</y-m>
   <z-m>0.0</z-m>
  </center>
  <axis>
   <x>0.0</x>
   <y>0.0</y>
   <z>-1.0</z>
  </axis>
 </animation>

 <animation>
  <type>rotate</type>
  <object-name>right_main_wheel</object-name>
  <object-name>right_main_strut</object-name>
  <object-name>right_upper_main_strut</object-name>
  <object-name>right_lower_main_strut</object-name>
  <property>gear/gear[1]/position-norm</property>
  <factor>95</factor>
  <offset-deg>-95</offset-deg>
  <center>
   <x-m>0.64</x-m>
   <y-m>0.44</y-m>
   <z-m>-0.66</z-m>
  </center>
  <axis>
   <x>0.0</x>
   <y>-0.868243</y>
   <z>-0.496139</z>
  </axis>
 </animation>

 <animation>
  <type>rotate</type>
  <object-name>right_upper_main_strut</object-name>
  <object-name>right_lower_main_strut</object-name>
  <property>gear/gear[1]/position-norm</property>
  <factor>55</factor>
  <offset-deg>-55</offset-deg>
  <center>
   <x-m>0.62</x-m>
   <y-m>0.92</y-m>
   <z-m>-1.34</z-m>
  </center>
  <axis>
   <x>0.0</x>
   <y>-0.868243</y>
   <z>-0.496139</z>
  </axis>
 </animation>

 <animation>
  <type>rotate</type>
  <object-name>right_upper_main_strut</object-name>
  <property>gear/gear[1]/position-norm</property>
  <factor>-55</factor>
  <offset-deg>55</offset-deg>
  <center>
   <x-m>0.07</x-m>
   <y-m>0.60</y-m>
   <z-m>-1.04</z-m>
  </center>
  <axis>
   <x>0.0</x>
   <y>-0.868243</y>
   <z>-0.496139</z>
  </axis>
 </animation>

 <animation>
  <type>rotate</type>
  <object-name>right_main_wheel</object-name>
  <property>gear/gear[1]/position-norm</property>
  <factor>90</factor>
  <offset-deg>-90</offset-deg>
  <center>
   <x-m>0.62</x-m>
   <y-m>1.12</y-m>
   <z-m>0.0</z-m>
  </center>
  <axis>
   <x>0.0</x>
   <y>0.0</y>
   <z>-1.0</z>
  </axis>
 </animation>

 <animation>
  <type>rotate</type>
  <object-name>right_upper_speedbrake</object-name>
  <property>surface-positions/speedbrake-pos-norm</property>
  <factor>-60</factor>
  <center>
   <x-m>4.55</x-m>
   <y-m>-0.88</y-m>
   <z-m>0.15</z-m>
  </center>
  <axis>
   <x>0.0</x>
   <y>1.0</y>
   <z>-0.04545</z>
  </axis>
 </animation>

 <animation>
  <type>rotate</type>
  <object-name>right_lower_speedbrake</object-name>
  <property>surface-positions/speedbrake-pos-norm</property>
  <factor>60</factor>
  <center>
   <x-m>4.55</x-m>
   <y-m>-0.88</y-m>
   <z-m>0.08</z-m>
  </center>
  <axis>
   <x>0.0</x>
   <y>1.0</y>
   <z>-0.0454</z>
  </axis>
 </animation>

 <animation>
  <type>rotate</type>
  <object-name>left_upper_speedbrake</object-name>
  <property>surface-positions/speedbrake-pos-norm</property>
  <factor>-60</factor>
  <center>
   <x-m>4.55</x-m>
   <y-m>0.88</y-m>
   <z-m>0.15</z-m>
  </center>
  <axis>
   <x>0.0</x>
   <y>1.0</y>
   <z>0.0454</z>
  </axis>
 </animation>

 <animation>
  <type>rotate</type>
  <object-name>left_lower_speedbrake</object-name>
  <property>surface-positions/speedbrake-pos-norm</property>
  <factor>60</factor>
  <center>
   <x-m>4.55</x-m>
   <y-m>0.88</y-m>
   <z-m>0.08</z-m>
  </center>
  <axis>
   <x>0.0</x>
   <y>1.0</y>
   <z>0.0454</z>
  </axis>
 </animation>
-->
<!--
 <animation>
  <type>select</type>
  <object-name>front_wheel</object-name>
  <object-name>front_lower_strut</object-name>
  <object-name>front_upper_strut</object-name>
  <object-name>front_aft_strut</object-name>
  <object-name>internal_front_gear_door</object-name>
  <condition>
   <not>
   <equals>
    <property>gear/gear[0]/position-norm</property>
    <value>0</value>
   </equals>
   </not>
  </condition>
 </animation>

 <animation>
  <type>select</type>
  <object-name>left_main_wheel</object-name>
  <object-name>left_main_strut</object-name>
  <object-name>left_upper_main_strut</object-name>
  <object-name>left_lower_main_strut</object-name>
  <object-name>internal_left_main_door</object-name>
  <condition>
   <not>
   <equals>
    <property>gear/gear[2]/position-norm</property>
    <value>0</value>
   </equals>
   </not>
  </condition>
 </animation>

 <animation>
  <type>select</type>
  <object-name>right_main_wheel</object-name>
  <object-name>right_main_strut</object-name>
  <object-name>right_upper_main_strut</object-name>
  <object-name>right_lower_main_strut</object-name>
  <object-name>internal_right_main_door</object-name>
  <condition>
   <not>
   <equals>
    <property>gear/gear[1]/position-norm</property>
    <value>0</value>
   </equals>
   </not>
  </condition>
 </animation>
-->
<!--
 <animation>
  <type>rotate</type>
  <object-name>shadow_plan</object-name>
  <property>orientation/pitch-deg</property>
  <factor>-1.0</factor>
  <center>
   <x-m>0</x-m>
   <y-m>0</y-m>
   <z-m>0</z-m>
  </center>
  <axis>
   <x>0</x>
   <y>1</y>
   <z>0</z>
  </axis>
 </animation>

 <animation>
  <type>rotate</type>
  <object-name>shadow_plan</object-name>
  <property>orientation/roll-deg</property>
  <factor>1.0</factor>
  <center>
   <x-m>0</x-m>
   <y-m>0</y-m>
   <z-m>0</z-m>
  </center>
  <axis>
   <x>1</x>
   <y>0</y>
   <z>0</z>
  </axis>
 </animation>

 <animation>
  <type>translate</type>
  <object-name>shadow_plan</object-name>
  <property>position/altitude-agl-ft</property>
  <factor>-0.3</factor>
  <offset-m>-6.0</offset-m>
  <center>
   <x-m>0</x-m>
   <y-m>0</y-m>
   <z-m>0</z-m>
  </center>
  <axis>
   <x>0</x>
   <y>0</y>
   <z>1</z>
  </axis>
 </animation>
-->
<!--
 <animation>
  <type>select</type>
  <object-name>aft_pos_light1</object-name>
  <condition>
   <equals>
    <property>controls/lighting/logo-lights</property>
    <value>true</value>
   </equals>
  </condition>
 </animation>

 <animation>
  <type>select</type>
  <object-name>low_formation_light</object-name>
  <object-name>fwd_formation_light</object-name>
  <condition>
   <equals>
    <property>controls/lighting/formation-lights</property>
    <value>true</value>
   </equals>
  </condition>
 </animation>
-->
<!--
 <animation>
  <name>timed_nav_lights</name>
  <type>timed</type>
  <object-name>pos_lights_lit</object-name>
  <object-name>pos_lights</object-name>
  <duration-sec>1.0</duration-sec>
 </animation> -->
<!-- absolete 
 <animation>
  <type>select</type>
  <object-name>timed_nav_lights</object-name>
  <condition>
   <property>controls/lighting/nav-lights</property>
  </condition>
 </animation>
-->
<!--
 <animation>
  <type>select</type>
  <object-name>lhicondenscone</object-name>
  <object-name>rhicondenscone</object-name>
  <object-name>lhocondenscone</object-name>
  <object-name>rhocondenscone</object-name>
  <condition>
   <greater-than>
    <property>orientation/alpha-deg</property>
    <value>9.0</value>
   </greater-than>
  </condition>
 </animation>

 <animation>
  <type>select</type>
  <object-name>rhocondenscone</object-name>
  <condition>
   <greater-than>
    <property>orientation/alpha-deg</property>
    <value>9.0</value>
   </greater-than>
  </condition>
 </animation>
-->
</PropertyList>
