<?xml version="1.0"?>

<PropertyList>

 <name>DED</name>
 <w-base>64</w-base>
 <h-base>32</h-base>

 <layers>
<!--
  <layer>
   <texture>
    <path>Aircraft/f16/Panels/Textures/misc2.rgb</path>
    <x1>0.0</x1>
    <y1>0.848</y1>
    <x2>0.484</x2>
    <y2>1.0</y2>
   </texture>
   <w>73</w>
   <h>11</h>
  </layer>
-->

  <layer>
   <name>system time</name>
   <type>text</type>
   <font>default</font>
   <point-size>4.56</point-size>
   <color>
    <red>0.63</red>
    <green>1.0</green>
    <blue>0.0</blue>
   </color>
   <chunks>
    <chunk>
     <type>text-value</type>
     <property>/sim/time/gmt-string</property>
    </chunk>
   </chunks>
   <transformations>
    <transformation>
     <type>x-shift</type>
     <offset>10</offset>
    </transformation>
    <transformation>
     <type>y-shift</type>
     <offset>-1.5</offset>
    </transformation>
   </transformations>
  </layer>

<!--
  <layer>
   <name>hack time</name>
   <type>text</type>
   <font>default</font>
   <point-size>4.56</point-size>
   <color>
    <red>0.63</red>
    <green>1.0</green>
    <blue>0.0</blue>
   </color>
   <chunks>
    <chunk>
     <type>text-value</type>
     <property>/sim/time/gmt-string</property>
    </chunk>
   </chunks>
   <transformations>
    <transformation>
     <type>x-shift</type>
     <offset>10</offset>
    </transformation>
    <transformation>
     <type>y-shift</type>
     <offset>-3.5</offset>
    </transformation>
   </transformations>
  </layer>
-->

  <layer>
   <name>UHF</name>
   <type>text</type>
   <font>default</font>
   <point-size>4.56</point-size>
   <color>
    <red>0.63</red>
    <green>1.0</green>
    <blue>0.0</blue>
   </color>
   <chunks>
    <chunk>
     <type>literal</type>
     <text>UHF </text>
    </chunk>
    <chunk>
     <type>number-value</type>
     <property>/instrumentation/comm/frequencies/selected-mhz</property>
     <format>%3.2f</format>
    </chunk>
   </chunks>
   <transformations>
    <transformation>
     <type>x-shift</type>
     <offset>-37</offset>
    </transformation>
    <transformation>
     <type>y-shift</type>
     <offset>2.8</offset>
    </transformation>
   </transformations>
  </layer>

  <layer>
   <name>VHF</name>
   <type>text</type>
   <font>default</font>
   <point-size>4.56</point-size>
   <color>
    <red>0.63</red>
    <green>1.0</green>
    <blue>0.0</blue>
   </color>
   <chunks>
    <chunk>
     <type>literal</type>
     <text>VHF</text>
    </chunk>
    <chunck> 
     <type>number-value</type>
     <property>/instrumentation/comm/frequencies/selected-mhz</property>
     <format>%3.2f</format>
    </chunck>
   </chunks>
   <transformations>
    <transformation>
     <type>x-shift</type>
     <offset>-37</offset>
    </transformation>
    <transformation>
     <type>y-shift</type>
     <offset>-1.2</offset>
    </transformation>
   </transformations>
  </layer>

  <layer>
   <name>IFF mode</name>
   <type>text</type>
   <font>default</font>
   <point-size>4.56</point-size>
   <color>
    <red>0.63</red>
    <green>1.0</green>
    <blue>0.0</blue>
   </color>
   <chunks>
    <chunk>
     <type>literal</type>
     <text>M    C</text>
    </chunk>
   </chunks>
   <transformations>
    <transformation>
     <type>x-shift</type>
     <offset>-37</offset>
    </transformation>
    <transformation>
     <type>y-shift</type>
     <offset>-5.5</offset>
    </transformation>
   </transformations>
  </layer>

  <layer>
   <name>MAN</name>
   <type>text</type>
   <font>default</font>
   <point-size>4.56</point-size>
   <color>
    <red>0.63</red>
    <green>1.0</green>
    <blue>0.0</blue>
   </color>
   <chunks>
    <chunk>
     <type>literal</type>
     <text>MAN</text>
    </chunk>
   </chunks>
   <transformations>
    <transformation>
     <type>x-shift</type>
     <offset>8</offset>
    </transformation>
    <transformation>
     <type>y-shift</type>
     <offset>-5.5</offset>
    </transformation>
   </transformations>
  </layer>

  <layer>
   <name>STPT</name>
   <type>text</type>
   <font>default</font>
   <point-size>4.56</point-size>
   <color>
    <red>0.63</red>
    <green>1.0</green>
    <blue>0.0</blue>
   </color>
   <chunks>
    <chunk>
     <type>literal</type>
     <text>STPT</text>
    </chunk>
   </chunks>
   <transformations>
    <transformation>
     <type>x-shift</type>
     <offset>6</offset>
    </transformation>
    <transformation>
     <type>y-shift</type>
     <offset>2.8</offset>
    </transformation>
   </transformations>
  </layer>

  <layer>
   <name>TACAN</name>
   <type>text</type>
   <font>default</font>
   <point-size>4.56</point-size>
   <color>
    <red>0.63</red>
    <green>1.0</green>
    <blue>0.0</blue>
   </color>
   <chunks>
    <chunk>
     <type>literal</type>
     <text>T   X</text>
    </chunk>
   </chunks>
   <transformations>
    <transformation>
     <type>x-shift</type>
     <offset>23</offset>
    </transformation>
    <transformation>
     <type>y-shift</type>
     <offset>-5.5</offset>
    </transformation>
   </transformations>
  </layer>

  <layer>
   <name>mode 3 code</name>
   <type>text</type>
   <font>default</font>
   <point-size>4.56</point-size>
   <color>
    <red>0.63</red>
    <green>1.0</green>
    <blue>0.0</blue>
   </color>
   <chunks>
    <chunk>
     <type>literal</type>
     <text>7500</text>
    </chunk>
   </chunks>
   <transformations>
    <transformation>
     <type>x-shift</type>
     <offset>-17</offset>
    </transformation>
    <transformation>
     <type>y-shift</type>
     <offset>-5.5</offset>
    </transformation>
   </transformations>
  </layer>

  <layer>
   <name>wind</name>
   <type>text</type>
   <font>default</font>
   <point-size>4.56</point-size>
   <color>
    <red>0.63</red>
    <green>1.0</green>
    <blue>0.0</blue>
   </color>
   <chunks>
    <chunk>
     <type>number-value</type>
     <property>/environment/wind-from-heading-deg</property>
     <format>%03.0f</format>
    </chunk>
    <chunk>
     <type>literal</type>
     <text> </text>
    </chunk>
    <chunk>
     <type>number-value</type>
     <property>/environment/wind-speed-kt</property>
     <format>%03.0f</format>
    </chunk>
   </chunks>
   <transformations>
    <transformation>
     <type>x-shift</type>
     <offset>13.0</offset>
    </transformation>
    <transformation>
     <type>y-shift</type>
     <offset>0.8</offset>
    </transformation>
   </transformations>
  </layer>

 </layers>

</PropertyList>
