<?xml version="1.0"?>

<PropertyList>

 <sim>
  <description>General Dynamics F-16C</description>
  <author>Erik Hofman, Gary Brown (textures), Martin "Pegasus" Schmitt (panel textures) StuartC FDM</author>
  <status>FGUK 1.3</status>
 
  <flight-model>yasim</flight-model>
  <aero>f16-yasim</aero>

  <startup>
   <splash-texture>Aircraft/F-16C/splash.png</splash-texture>
  </startup>
  
  <systems>
        <autopilot>
          <path>Aircraft/F-16C/Systems/Autopilot.xml</path>
        </autopilot>
		 <electrical>
    <path>Aircraft/Generic/generic-electrical.xml</path>
   </electrical>
      </systems>
	  
	  <mp-systems>
<radar-enabled type="bool">true</radar-enabled>
<ecm-rwr-enabled type="bool">true</ecm-rwr-enabled>
<combat-enabled type="bool">true</combat-enabled>
</mp-systems>

  <!-- enable "parkpos=AVAILABLE" option for the F-16 -->
  <dimensions>
   <radius-m type="double">10.0</radius-m>
   <parkpos-offset-m type="double">0.0</parkpos-offset-m>
  </dimensions>
  <aircraft-class type="string">mil-fighter</aircraft-class>
  <aircraft-operator></aircraft-operator>
  <aircraft-data>
   <path>/sim/dimensions/radius-m</path>
   <path>/sim/dimensions/parkpos-offset-m</path>
   <path>/sim/aircraft-class</path>
   <path>/sim/aircraft-operator</path>
  </aircraft-data>

  <submodels>
   <serviceable type="bool">1</serviceable>
   <path>Aircraft/F-16C/f16-submodels.xml</path>
   <path>Aircraft/F-16C/Models/Armament/loads.xml</path>
  </submodels>

  <sound>
   <path>Aircraft/F-16C/Sounds/f16-sound.xml</path>
  </sound>

  <virtual-cockpit archive="y">false</virtual-cockpit>
  <panel>
   <visibility archive="y">false</visibility>
  </panel>
  <panel_2>
   <visibility>false</visibility>
  </panel_2>

  <hud>
   <path n="1">Aircraft/F-16C/Models/Cockpit/hud.xml</path>
   <visibility n="1">true</visibility>
   <palette>
    <color n="0">
     <alpha type="float">0.85</alpha>
     <antialiased type="bool">true</antialiased>
     <brightness type="float">0.85</brightness>
     <transparent type="bool">true</transparent>
     <red type="float">0.38</red>
     <green type="float">1.0</green>
     <blue type="float">0.22</blue>
    </color>
    <color n="1">
     <alpha type="float">0.85</alpha>
     <antialiased type="bool">true</antialiased>
     <brightness type="float">0.85</brightness>
     <transparent type="bool">true</transparent>
     <red type="float">1.0</red>
     <green type="float">0.2</green>
     <blue type="float">0.0</blue>
    </color>
   </palette>
   <clipping>
    <left type="double">-70</left>
    <right type="double">70</right>
    <top type="double">33</top><!-- 20 -->
    <bottom type="double">-88</bottom><!-- -102 -->
   </clipping>
  </hud>

  <instrumentation>
   <path>Aircraft/F-16C/Systems/instrumentation.xml</path>
  </instrumentation>

  <model>
   <path archive="y">Aircraft/F-16C/Models/F-16CJ.xml</path>
   <F-16C>
    
    <controls>
     <navigation>
     
      <!-- INSTRUMENT MODE PANEL -->
      <instrument-mode-panel>
       <mode>
        <rotary-switch-knob type="int">0</rotary-switch-knob>
       </mode>
       <hdg>
        <!-- if true than knob is pushed and compass can be calibrated -->
        <rotary-push-knob type="bool">false</rotary-push-knob>
       </hdg>    
      </instrument-mode-panel>

     </navigation>
    </controls>
   
    <instrumentation>
    <vhf>
     <selector type="int">0</selector>               
     <mode type="int">0</mode>                       
     <selected-preset type="int">1</selected-preset>
     <load-state type="int">0</load-state>
     <presets>
      <preset n="1" type="float">0</preset>
      <preset n="2" type="float">0</preset>
      <preset n="3" type="float">0</preset>
      <preset n="4" type="float">0</preset>
      <preset n="5" type="float">0</preset>
      <preset n="6" type="float">0</preset>
      <preset n="7" type="float">0</preset>
      <preset n="8" type="float">0</preset>
      <preset n="9" type="float">0</preset>
      <preset n="10" type="float">0</preset>
      <preset n="11" type="float">0</preset>
      <preset n="12" type="float">0</preset>
      <preset n="13" type="float">0</preset>
      <preset n="14" type="float">0</preset>
      <preset n="15" type="float">0</preset>
      <preset n="16" type="float">0</preset>
      <preset n="17" type="float">0</preset>
      <preset n="18" type="float">0</preset>
      <preset n="19" type="float">0</preset>
      <preset n="20" type="float">0</preset>
     </presets>
<!--
     <frequencies>
      <alt-selected-mhz-x10 type="int">0</alt-selected-mhz-x10>
      <alt-selected-mhz-x1 type="int">0</alt-selected-mhz-x1>
      <alt-selected-mhz-x01 type="int">0</alt-selected-mhz-x01>
      <alt-selected-mhz-x0001 type="int">0</alt-selected-mhz-x0001>
     </frequencies>
-->
    </vhf>
   </instrumentation>

   <smoke>
    <color>
     <red>1.0</red>
     <green>1.0</green>
     <blue>1.0</blue>
    </color>
   </smoke>
  </F-16C>
<!--
   <livery>
    <file type="string"/>
    <actype type="string">F-16C-40</actype>
    <name type="string">USAF 89-2029/AV 510FS</name>
    <owner type="string">USAF</owner>
   </livery>
   <pushback>
    <kp type="double">100</kp>
    <ki type="double">25</ki>
    <kd type="double">0</kd>
    <position-norm type="double">0</position-norm>
   </pushback>
   -->
  </model>
  
   <ai>
      <scenario>
	   <path>Aircraft/F-16C/AI/EGOD_arrestor_cables.xml</path>
	  </scenario>
    </ai>

  <chase-distance-m type="double" archive="y">-35.0</chase-distance-m>

<!-- original settings
  <view>
   <internal archive="y">true</internal>
   <config>
     <pitch-offset-deg>-10.0</pitch-offset-deg>
     <x-offset-m archive="y">0.0</x-offset-m>
     <y-offset-m archive="y">0.93</y-offset-m>
     <z-offset-m archive="y">-4.15</z-offset-m>
     <default-field-of-view-deg>55</default-field-of-view-deg>
   </config>
  </view>
-->

  <view n="0">
   <internal archive="y">true</internal>
   <config>
     <pitch-offset-deg>-5</pitch-offset-deg>
     <x-offset-m archive="y">0</x-offset-m>
     <y-offset-m archive="y">0.94</y-offset-m>
     <z-offset-m archive="y">-3.94</z-offset-m>
     <default-field-of-view-deg>55</default-field-of-view-deg>
   </config>
  </view>
  
   <view n="101">
	   <name>Pilot cam</name>
        <internal archive="y">false</internal>
        <config>
		 <from-model type="bool">true</from-model>
      <from-model-idx type="int">0</from-model-idx>
        <x-offset-m archive="y">0</x-offset-m>
     <y-offset-m archive="y">0.94</y-offset-m>
     <z-offset-m archive="y">-4.35</z-offset-m>
          <pitch-offset-deg>0</pitch-offset-deg>
		  <heading-offset-deg>180</heading-offset-deg>
          <default-field-of-view-deg>95</default-field-of-view-deg>
        </config>
      </view>

  <rendering>
   <redout>
    <parameters>
     <blackout-complete-g>9.0</blackout-complete-g>
     <blackout-onset-g>7.5</blackout-onset-g>
    </parameters>
   </redout>
  </rendering>

  <menubar>
   <default>
    <menu n="100">
     <label>F-16</label>
     <enabled type="bool">true</enabled>
     <item>
      <label>Select Livery</label>
      <binding>
       <command>nasal</command>
       <script>aircraft.livery.dialog.toggle()</script>
      </binding>
     </item>
    </menu>
    <menu n="5">
     <item n="10">
      <label>Pushback</label>
      <enabled type="bool">true</enabled>
      <name>pushback</name>
      <binding>
       <command>dialog-show</command>
       <dialog-name>pushback</dialog-name>
      </binding>
     </item>
    </menu>
   </default>
  </menubar>

  <multiplay>
   <generic>
    <int n="2" type="int">0</int>    <!-- radar-standby -->
   </generic>
  </multiplay>

  <help>
   <title>General Dynamics F-16</title>
   <key>
    <name>Ctrl-b</name>
    <desc>toggle speed brake</desc>
   </key>
   <key>
    <name>Ctrl-f</name>
    <desc>trigger flare release</desc>
   </key>
   <key>
    <name>O/o</name>
    <desc>toggle arrester hook</desc>
   </key>
   <key>
    <name>D/d</name>
    <desc>Toggle canopy</desc>
   </key>
   <key>
    <name>e (lower case 'e')</name>
    <desc>fire the cannon</desc>
   </key>
   <key>
    <name>Delete</name>
    <desc>Toggle FBW override</desc>
   </key>
   <key>
    <name>Ctrl-n</name>
    <desc>Toggles Radar RWS / TWS AUTO Modes</desc>
   </key>
   <key>
    <name>E</name>
    <desc>Decrease Radar Range</desc>
   </key>
   <key>
    <name>R</name>
    <desc>Increase Radar Range</desc>
   </key>
   <key>
    <name>q</name>
    <desc>Toggles Radar Standby Mode</desc>
   </key>
   <key>
    <name>u/U</name>
    <desc>seat up/down</desc>
   </key>
   <line>Drop tanks:-</line>
	  <line> The Drop tanks self regulate. You just need to put fuel in them. </line>
      <line>When selected  the drop tanks will feed first and your internal tanks will be disabled.</line>
      <line>If all 3 drop tanks are selected, the Centre tank will feed first then the wing droptanks will activate.</line>
  </help>
  
  
<weight n="0">
<name>pylon1.L</name>
<weight-lb>90</weight-lb>
<selected>Dummy-AIM-9</selected>
<opt>
<name>none</name>
<lbs>0</lbs>
</opt>
<opt>
<name>AIM-9 Sidewinder</name>
<lbs>190.0</lbs>
</opt>
<opt>
<name>AIM-120</name>
<lbs>330.0</lbs>
</opt>
</weight>

<weight n="1">
<name>pylon2.L</name>
<weight-lb>0</weight-lb>
<selected>none</selected>
<opt>
<name>none</name>
<lbs>0</lbs>
</opt> 
<opt>
<name>AIM-9 Sidewinder</name>
<lbs>190.0</lbs>
</opt>
<opt>
<name>AIM-120</name>
<lbs>330.0</lbs>
</opt>
<opt>
<name>AIM-7</name>
<lbs>510.0</lbs>
</opt>
<opt>
<name>3x MK-82</name>
<lbs>1500.00</lbs>
</opt>
<opt>
<name>3x AGM-65</name>
<lbs>2010</lbs>
</opt>
<opt>
<name>AGM-88</name>
<lbs>780</lbs>
</opt>
<opt>
<name>AGM-84</name>
<lbs>1523</lbs>
</opt>
</weight>

<weight n="2">
<name>pylon3.L</name>
<tank>4</tank>
<weight-lb>0</weight-lb>
<selected>none</selected>
<opt>
<name>none</name>
<lbs>0</lbs>
</opt>
<opt>
<name>330 Gal Droptank</name>
<lbs>184.0</lbs>
<gals>330</gals>
</opt>
<opt>
<name>3x MK-82</name>
<lbs>1500.00</lbs>
</opt>
<opt>
<name>AGM-84</name>
<lbs>1523</lbs>
</opt>
</weight>


<weight n="3">
<name>pylon4.L</name>
<weight-lb>0</weight-lb>
<selected>none</selected>
<opt>
<name>none</name>
<lbs>0</lbs>
</opt>
</weight>



<weight n="4">
<name>pylon.C</name>
<tank>5</tank>
<weight-lb>0</weight-lb>
<selected>none</selected>
<opt>
<name>none</name>
<lbs>0</lbs>
</opt>
<opt>
<name>330 Gal Droptank</name>
<lbs>184.0</lbs>
<gals>330</gals>
</opt>

</weight>



<weight n="5">
<name>pylon4.R</name>
<weight-lb>0</weight-lb>
<selected>none</selected>
<opt>
<name>none</name>
<lbs>0</lbs>
</opt>

</weight>


<weight n="6">
<name>pylon3.R</name>
<tank>6</tank>
<weight-lb>0</weight-lb>
<selected>none</selected>
<opt>
<name>none</name>
<lbs>0</lbs>
</opt>
<opt>
<name>330 Gal Droptank</name>
<lbs>184.0</lbs>
<gals>330</gals>
</opt>
<opt>
<name>3x MK-82</name>
<lbs>1500.00</lbs>
</opt>
<opt>
<name>AGM-84</name>
<lbs>1523</lbs>
</opt>
</weight>

<weight n="7">
<name>pylon2.R</name>
<weight-lb>0</weight-lb>
<selected>none</selected>
<opt>
<name>none</name>
<lbs>0</lbs>
</opt>
<opt>
<name>AIM-9 Sidewinder</name>
<lbs>190.0</lbs>
</opt>
<opt>
<name>AIM-120</name>
<lbs>330.0</lbs>
</opt>
<opt>
<name>AIM-7</name>
<lbs>510.0</lbs>
</opt>
<opt>
<name>3x MK-82</name>
<lbs>1500.00</lbs>
</opt>
<opt>
<name>3x AGM-65</name>
<lbs>2010</lbs>
</opt>
<opt>
<name>AGM-88</name>
<lbs>780</lbs>
</opt>
<opt>
<name>AGM-84</name>
<lbs>1523</lbs>
</opt>
</weight>

<weight n="8">
<name>pylon1.R</name>
<weight-lb>90</weight-lb>
<selected>Dummy-AIM-9</selected>
<opt>
<name>none</name>
<lbs>0</lbs>
</opt>
<opt>
<name>AIM-9 Sidewinder</name>
<lbs>190.0</lbs>
</opt>
<opt>
<name>AIM-120</name>
<lbs>330.0</lbs>
</opt>
</weight>
  
  
  
 </sim>

 <input>
   <keyboard>
    <key n="6">
     <name>Ctrl-F</name>
     <desc>Trigger flare release</desc>
     <binding>
      <command>property-toggle</command>
      <property>/ai/submodels/submodel[0]/flare-release</property>
      <value type="bool">true</value>
     </binding>
     <mod-up>
      <binding>
       <command>property-assign</command>
       <property>/ai/submodels/submodel[0]/flare-release</property>
       <value type="bool">false</value>
      </binding>
     </mod-up>
    </key>
    	<key n="79">
   <name>O</name>
   <desc>Hook down.</desc>
   <binding>
     <command>property-assign</command>
     <property>controls/gear/tailhook</property>
     <value type="double">1.0</value>
   </binding>
 </key>

 <key n="111">
   <name>o</name>
   <desc>Hook Up.</desc>
   <binding>
     <command>property-assign</command>
     <property>controls/gear/tailhook</property>
     <value type="double">0.0</value>
   </binding>
 </key>
    <key n="14">
     <name>Ctrl-n</name>
     <desc>Toggles Radar RWS / TWS AUTO Modes</desc>
     <binding>
      <command>nasal</command>
      <script>radar.radar_mode_toggle()</script>
     </binding>
    </key>
    <key n="69">
     <name>E</name>
     <desc>Decrease Radar Range</desc>
     <binding>
      <command>nasal</command>
      <script>radar.radar_range_control(-1);</script>
     </binding>
    </key>
	
    <key n="68">
    <name>D</name>
    <desc>Passenger door</desc>
    <binding>
      <command>nasal</command>
      <script>doors.doorsystem.passengerexport();</script>
    </binding>
  </key>

   <key n="100">
    <name>d</name>
    <desc>Crew door</desc>
    <binding>
      <command>nasal</command>
      <script>doors.doorsystem.crewexport();</script>
    </binding>
  </key>
  
    <key n="82">
     <name>R</name>
     <desc>Increase Radar Range</desc>
     <binding>
      <command>nasal</command>
      <script>radar.radar_range_control(1);</script>
     </binding>
    </key>
    <key n="101">
     <name>e</name>
     <desc>Gun Trigger</desc> 
     <binding>
      <command>property-assign</command>
      <property>controls/armament/trigger</property>
      <value>true</value>
     </binding>
     <mod-up>
      <binding>
       <command>property-assign</command>
       <property>controls/armament/trigger</property>
       <value>false</value>
      </binding> 
     </mod-up>
    </key>
    <key n="113">
     <name>q</name>
     <desc>Toggle radar standby mode</desc>
     <binding>
      <command>property-toggle</command>
      <property>instrumentation/radar/radar-standby</property>
     </binding>
    </key>
    <key n="127">
     <name>Delete</name>
     <desc>FBW override</desc>
     <binding>
      <command>property-toggle</command>
      <property>/fdm/jsbsim/fcs/fbw-override</property>
     </binding>
    </key>
    <key n="85">
     <name>U</name>
     <desc>Seat Down</desc>
     <binding>
      <command>property-adjust</command>
      <property>controls/seat/vertical-adjust</property>
      <step type="double">-0.005</step>
      <min type="double">0</min>
      <max type="double">0.12</max>
      <condition>
        <equals>
         <property>sim/current-view/internal</property>
         <value>true</value>
        </equals>
      </condition>
     </binding>
     <binding>
      <condition>
        <equals>
         <property>sim/current-view/view-number</property>
         <value>0</value>
        </equals>
      </condition>
      <command>property-adjust</command>
       <property>sim/current-view/y-offset-m</property>
       <step type="double">-0.005</step>
       <min type="double">0.985</min>
       <max type="double">1.105</max>
       <property>sim/current-view/z-offset-m</property>
       <step type="double">-0.0033</step>
       <min type="double">-4</min>
       <max type="double">-3.96</max>
     </binding>
    </key>
    <key n="117">
     <name>u</name>
     <desc>Seat Up</desc>
     <binding>
      <command>property-adjust</command>
       <property>controls/seat/vertical-adjust</property>
        <step type="double">0.005</step>
        <min type="double">0.</min>
        <max type="double">0.12</max>
      <condition>
       <equals>
        <property>sim/current-view/internal</property>
        <value>true</value>
       </equals>
      </condition>
     </binding>
     <binding>
      <condition>
       <equals>
        <property>sim/current-view/view-number</property>
        <value>0</value>
       </equals>
      </condition>
      <command>property-adjust</command>
       <property>sim/current-view/y-offset-m</property>
       <step type="double">0.005</step>
       <min type="double">0.985</min>
       <max type="double">1.105</max>
       <property>sim/current-view/z-offset-m</property>
       <step type="double">0.0033</step>
       <min type="double">-4</min>
       <max type="double">-3.96</max>
     </binding>
    </key>

	 <key n="125">
     <name>}</name>
     <desc>Engine Autostart</desc>
	<binding>
		<command>nasal</command>
		<script>engines.engine1.autostart();</script>
	</binding>
  </key>
   </keyboard>
  </input>
 
 <controls>
  <fuel>
   <qty-selector type="int">1</qty-selector>
   <external-transfer type="bool">true</external-transfer>
  </fuel>
  
  <gear>
   <brake-parking type="bool">true</brake-parking>
  </gear>
<armament>
			<station n="0">
				<release type="bool">false</release>
			</station>
			<station n="1">
				<release type="bool">false</release>
			</station>
			<station n="2">
				<release type="bool">false</release>
			</station>
			<station n="3">
				<release type="bool">false</release>
			</station>
			<station n="4">
				<release type="bool">false</release>
			</station>
			<station n="5">
				<release type="bool">false</release>
			</station>
			<station n="6">
				<release type="bool">false</release>
			</station>
			<station n="7">
				<release type="bool">false</release>
			</station>
			<station n="8">
				<release type="bool">false</release>
			</station>
			
</armament>	
  <indicators>

  </indicators>

  <lighting>
   <ext-lighting-panel>
    <master type="bool">true</master>
    <anti-collision type="bool">true</anti-collision>
    <pos-lights-flash type="bool">true</pos-lights-flash>
    <wing-tail type="int">2</wing-tail>
    <fuselage type="int">2</fuselage>
    <form-knob type="double">1</form-knob>
    <ar-knob type="double">1</ar-knob>
   </ext-lighting-panel>
 
   <lighting-panel>
    <pri-inst-pnl type="double">0</pri-inst-pnl>
    <flood-inst-pnl type="double">0</flood-inst-pnl>
   </lighting-panel>
  </lighting>

  <seat>
   <ejection-safety-lever type="bool">true</ejection-safety-lever>
  </seat>

  <test>
   <test-panel>
    <mal-ind-lts type="bool">false</mal-ind-lts>
   </test-panel>
  </test>
 </controls>

 <engines>
  <engine n="0">
   <running>true</running>
  </engine>
 </engines>

 <consumables>
  <fuel>
   <tank n="0">
    <level-gal_us archive="y">338</level-gal_us>
   </tank>
   <tank n="1">
    <level-gal_us archive="y">250</level-gal_us>
   </tank>
   <tank n="2">
    <level-gal_us archive="y">220.6</level-gal_us>
   </tank>
   <tank n="3">
    <level-gal_us archive="y">220.6</level-gal_us>
   </tank>
   <tank n="4">
        <name>left wing Droptank</name>
        <selected type="bool">false</selected>
      </tank>
	   <tank n="5">
        <name>Centre Droptank</name>
        <selected type="bool">false</selected>
      </tank>
      <tank n="6">
        <name>right wing Droptank</name>
        <selected type="bool">false</selected>
      </tank> 
    
  </fuel>
 </consumables>

 
  <environment>
    <turbulence>
      <use-cloud-turbulence>true</use-cloud-turbulence>
    </turbulence>
  </environment>
 
 <systems>
  <electrical>
   <outputs>
    <adi type="int">24</adi> 				<!-- satisfying /Models/adi.xml -->
    <rwr type="double">24</rwr>
   </outputs>
  </electrical>
  <refuel>
   <type>boom</type>
   <serviceable type="bool">true</serviceable>
  </refuel>
 </systems>

 <instrumentation>
  <radar>
   <enabled type="bool">true</enabled>
   <az-field type="double">120</az-field>
   <range type="double">160</range>
   <range-selected type="double">50</range-selected>
   <display-rdr type="bool">true</display-rdr>
   <radar-standby type="int">0</radar-standby>
   <mode>
    <rws type="bool">true</rws>
    <tws-auto type="bool">false</tws-auto>
   </mode>
  </radar>
  <radar2>
   <sweep-width-m type="double">0.0844</sweep-width-m>
   <range-width-m type="double">0.0846</range-width-m>
   <radius-ppi-display-m type="double">0.0846</radius-ppi-display-m>
   <hud-eye-dist-m type="double">0.766</hud-eye-dist-m>
   <hud-radius-m type="double">0.071</hud-radius-m>
   <hud-vertical-offset-m type="double">-0.025</hud-vertical-offset-m>
  </radar2>
  <rwr>
   <display-lighting-intens type="double">0.4</display-lighting-intens>
   <symbology-lighting-intens type="double">1</symbology-lighting-intens>
  </rwr>
  <ecm>
   <on-off type="bool">true</on-off>
  </ecm>
 </instrumentation>

 <limits>
  <max-gear-extension-speed>300</max-gear-extension-speed>
 </limits>

 <nasal>
  <aar>
   <file>Aircraft/Generic/aar.nas</file>
  </aar>
  
  <f16>
   <file>Aircraft/F-16C/Nasal/f16.nas</file>
   <file>Aircraft/F-16C/Nasal/liveries.nas</file>
   <file>Aircraft/F-16C/Nasal/tyresmoke.nas</file>
    <file>Aircraft/F-16C/Nasal/light.nas</file>
  </f16>
   <doors>
      <file>Aircraft/F-16C/Nasal/doors.nas</file>
    </doors>
	<low>
<file>Aircraft/F-16C/Nasal/low.nas</file>
</low>

  <f16_chronograph>  
   <file>Aircraft/F-16C/Nasal/chronograph.nas</file>
  </f16_chronograph>  

  <F-16C_fuel>
   <file>Aircraft/F-16C/Nasal/fuel.nas</file>
  </F-16C_fuel>

  <f16_switches>
   <file>Aircraft/F-16C/Nasal/switches.nas</file>
  </f16_switches>
  
  <radar>
   <file>Aircraft/Instruments-3d/radar2/radar2.nas</file>
  </radar>
  <radardist>
   <file>Aircraft/Instruments-3d/radardist/radardist.nas</file>
  </radardist>

  <engines>
      <file>Aircraft/F-16C/Nasal/generic-yasim-engine.nas</file>
      <script>
        var engine1 = engines.Jet.new(0, 0, 0.01, 5.21, 3, 5, 1, 6);
        setlistener("sim/signals/fdm-initialized", func
        {
          engine1.init();
        }, 0, 0);
       </script>
    </engines>

 </nasal>

</PropertyList>
