<?xml version="1.0" encoding="ISO-8859-1"?>
<!--  F-16CJ config based on the folowing data:-

Specifications (standard Block 50/52)
Engine: One Pratt & Whitney F100-PW-229 turbofan, rated at 17,000 lb.s.t. dry and 28,500 lb.s.t. with afterburning 
or one General Electric F110-GE-129 turbofan, rated at 17,155 lb.s.t. dry and 28,984 lb.s.t. with afterburning.

Performance: 
Maximum short-endurance speed: Mach 2.05 (1353 mph) at 40,000 feet. 
Maximum sustained speed Mach 1.89 (1247 mph) at 40,000 feet. 
Tactical radius (hi-lo-hi interdiction on internal fuel with six 500-lb bombs) 360 miles. 
Maximum ferry range 2450 miles with maximum external fuel (excluding 600gal. tanks or CFT's) .

Dimensions: wingspan 31 feet 0 inches, length 49 feet 4 inches, height 16 feet 8 1/2 inches, wing area 300 square feet.

Weights: 18,238 pounds empty, 26,463 pounds normal loaded (air-to-air mission), 42,300 pounds maximum takeoff.



 -->

<airplane mass="18238">

  <!-- Approach configuration -->
  <approach speed="130" aoa="9" fuel="0.2" >
    <control-setting axis="/controls/engines/engine[0]/throttle" value="0.4"/>
    <control-setting axis="/controls/flight/flaps" value="0.4"/>
    <control-setting axis="/controls/gear/gear-down" value="1"/>
    <control-setting axis="/controls/flight/speedbrake" value="0"/>
    <control-setting axis="/controls/flight/slats" value="1"/>
  </approach>

  <!-- Cruise configuration.   -->
   <cruise speed="524" alt="40000" fuel="0.7" >
    <control-setting axis="/controls/engines/engine[0]/throttle" value="0.70"/>
    <control-setting axis="/controls/flight/flaps" value="0.0"/>
    <control-setting axis="/controls/gear/gear-down" value="0"/>
    <control-setting axis="/controls/flight/speedbrake" value="0"/>
    <control-setting axis="/controls/flight/slats" value="0"/>
  </cruise>

  <!-- pilot eyepoint -->
  <cockpit x="4.0" y="0.0" z=".80"/>

  <fuselage ax="3.75" ay="0" az="-0.136" bx="-4.5" by="0" bz="-0.0" width="1.5" midpoint= "0" taper="0.7" idrag="0.7"/>
 <fuselage ax="7.5" ay="0" az="-0.2" bx="4.8" by="0" bz="0.1" width="1.1" midpoint= "1" taper="0.1" idrag="0.7"/>
  <fuselage ax="-4.4" ay="0" az="0" bx="-5.5" by="0" bz="0" width="1.0" midpoint= "0" taper="0.5" idrag="0.7"/>
  
  <fuselage ax="5" ay="0" az="0.1" bx="0" by="0" bz="0.1" width="1.4" midpoint= ".2" taper="0.7" idrag="0.7"/>
<fuselage ax="6" ay="0" az="0.3" bx="4" by="0" bz="0.9" width="0.8" midpoint= "1" taper="0.0" idrag="0.7" />
  <fuselage ax="-1" ay="0" az="0.4" bx="4.2" by="0" bz="0.9" width="0.8" midpoint= "1" taper="0.0" idrag="0.7"/>

     <!--  
  <fuselage ax="2.5" ay="-0.5" az="-0.636" bx="-4.5" by="0" bz="-0.45" width="1.1" midpoint= "1" taper="0.6" idrag="0.7" />
  <fuselage ax="2.5" ay="0.5" az="-0.636" bx="-4.5" by="0" bz="-0.45" width="1.1" midpoint= "1" taper="0.6" idrag="0.7"/>
-->
  
  
  
  <mstab x="2.3" y="0.40" z="0.0"
         chord="5.7"
         length="1.5"
         taper="0.10" 
         sweep="48"
         dihedral="0">
         <stall aoa="22" width="13" peak="1.5"/>
      
        
  </mstab>
  
   <mstab x="-2.4" y="0.0" z="0.1"
         chord="5.7"
         length="1.1"
         taper="1" 
         sweep="0"
         dihedral="0">
         <stall aoa="22" width="13" peak="1.5"/>
      
         <flap0 start="0.0" end="0.15" lift="0.0" drag="10.8"/>

       
         <control-input axis="/controls/flight/speedbrake" control="FLAP0"/>

         
         <control-output control="FLAP0" prop="/surface-positions/speedbrake-pos-norm"/>

         
         <control-speed control="FLAP0" transition-time="5.0"/>
  </mstab>
  
   <hstab x="-4.3" y="1.05" z="0.06"
         chord="2.4"
         length="1.95"
         taper="0.35" 
         sweep="20"
         dihedral="-10">
         <stall aoa="35" width="13" peak="1.5"/>
   <flap0 start="0" end="1.0" lift="1.9" drag="1.3"/>
         

         <control-input axis="/controls/flight/elevator" control="FLAP0" />
         <control-input axis="/controls/flight/elevator-trim" control="FLAP0" />
        

         <control-output control="FLAP0" prop="/surface-positions/elevator-pos-norm"/>
         

  </hstab>
  

  <wing x="-0.3" y="1.1" z="0.1"
        chord="3.9"
        length="4"
        taper="0.27"
        sweep="21"
		incidence="0.4"
        twist="-7.0"
        
        camber="0.05"
		dihedral="-1.0">
        <stall aoa="21" width="8" peak="1.3"/>
        <flap0 start="0.5" end="1.0" lift="1.5" drag="1.1"/>
		<flap1 start="0.0" end="0.5" lift="1.9" drag="1.0"/>
        <slat aoa="6" start="0.0" end="0.813" lift="1.5" drag="1.3"/>

        <control-input axis="/controls/flight/aileron" control="FLAP0" split="true"/>
        <control-input axis="/controls/flight/aileron-trim" control="FLAP0" split="true"/>
		<control-input axis="/controls/flight/flaps" control="FLAP1" />
		
         
       <control-input axis="/controls/flight/flaps" control="SLAT"/>

        <control-output control="FLAP0" prop="/surface-positions/aileron-pos-norm"/>
		<control-output control="FLAP1" prop="/surface-positions/flap-pos-norm"/>
        <control-output control="SLAT" prop="/surface-positions/slat-pos-norm"/>

        <control-speed control="SLAT" transition-time="1.1"/>
        <control-speed control="FLAP0" transition-time="1"/>
		<control-speed control="FLAP1" transition-time="6"/>
  </wing>

  <vstab x="-3.9" y="0.0" z="1.1"
         chord="2.3"
         length="2.6"
         taper="0.5"
         sweep="35">
         <stall aoa="17" width="6" peak="1.1"/>
         <flap0 start="0" end=".8" lift="1.3" drag="1.3"/>

         <control-input axis="/controls/flight/rudder" control="FLAP0" invert="true"/>
         <control-input axis="/controls/flight/rudder-trim" control="FLAP0" invert="true"/>

         <control-output control="FLAP0" prop="/surface-positions/rudder-pos-norm"/>

         <control-speed control="FLAP0" transition-time="1"/>
  </vstab>
   <vstab x="-2.8" y="0.0" z="0.45"
         chord="5.2"
         length="1.6"
         taper="0.5"
         sweep="65">
         <stall aoa="17" width="6" peak="1.1"/>
        
  </vstab>
  

  
  <!--  F110-GE-129  -->
  
  <jet x="-1.558" y="0.0" z="0"
       mass="4400"
       thrust="17155"
       afterburner="45984"
       n1-idle="25" n1-max="100" n2-idle="30" n2-max="100"
       exhaust-speed="750"
       rotation="0">
       <actionpt x="-5.036" y="0.0" z="-0"/>
      <control-input axis="/controls/engines/engine[0]/throttle" control="THROTTLE"/>
<control-input axis="/controls/engines/engine[0]/throttle" src0="0.71" dst0="0.0" src1="1.0" dst1="1.0" control="REHEAT"/>
<control-output control="REHEAT" prop="engines/engine[0]/afterburner" />
<control-speed control="THROTTLE" transition-time="3.1"/>
 <control-speed control="REHEAT" transition-time="5.1"/>
</jet>

  <!-- gear -->
  <!-- nose -->
  <gear x="3.05" y="0.000" z="-1.85"
        retract-time="7"
       compression="0.7"
        spring="1.1"
        damp="1.4">
        <control-input axis="/controls/flight/rudder" control="STEER" square="false"/>
        <control-input axis="/controls/gear/gear-down" control="EXTEND"/>
        <control-speed control="EXTEND" transition-time="7"/>
        <control-output control="EXTEND" prop="/gear/gear[0]/position-norm"/>
  </gear>

  <!-- left main -->
  <gear x="-0.5" y="1.134" z="-1.85"
        retract-time="7"
       compression="0.8"
        spring="0.85"
        damp="2">
       <control-input axis="/controls/gear/brake-left" control="BRAKE"/>
       <control-input axis="/controls/gear/brake-parking" control="BRAKE"/>
       <control-input axis="/controls/gear/gear-down" control="EXTEND"/>
       <control-speed control="EXTEND" transition-time="7"/>
       <control-output control="EXTEND" prop="gear/gear[1]/position-norm"/>
  </gear>

  <!-- right main -->
  <gear x="-0.5" y="-1.134" z="-1.85"
        retract-time="7"
        compression="0.8"
        spring="0.85"
        damp="2">
       <control-input axis="/controls/gear/brake-right" control="BRAKE"/>
       <control-input axis="/controls/gear/brake-parking" control="BRAKE"/>
       <control-input axis="/controls/gear/gear-down" control="EXTEND"/>
       <control-speed control="EXTEND" transition-time="7"/>
       <control-output control="EXTEND" prop="gear/gear[2]/position-norm"/>
  </gear>

   <!-- Hook -->
	<hook x="-2.5"
				y="0.0"
				z="-0.73"
				length="1.5"
				down-angle="77"
				up-angle="-13">
		<control-input axis="/controls/gear/tailhook"
									 control="HEXTEND"/>
		<control-speed control="HEXTEND"
									 transition-time="5"/>
	</hook>
  
  
<!-- Intenal Fuselage tanks -->
<tank x="4" y="0" z="0" jet="true" capacity="2300"/>

<tank x="-1" y="0" z="0" jet="true" capacity="1700"/>

  <!-- left wing tanks -->
  <tank x="0" y="2" z="0" jet="true" capacity="1500"/>
  <!-- right wing tanks -->
  <tank x="0" y="-2" z="0" jet="true" capacity="1500"/>
  
  <!-- Drop Tanks - 330 Gal each -->
 
  <tank x="-0.2" y="1.63" z="-0.4" jet="true" capacity="2244"/> 

  <tank x="0" y="0" z="-1.2" jet="true" capacity="2244"/>
  
  <tank x="-0.2" y="-1.63" z="-0.4" jet="true" capacity="2244"/>
  
  
  <!-- CG Th�orique x=-2.088 y=0.0 z=-0.551 -->
  <ballast x="4.0" y="0.0" z="0.0" mass="3300" />
  
  

  <!-- external loads -->
  <!-- left  -->  
<weight x="-1.2" y="4.9" z="-0.0" size="0.25" mass-prop="sim/weight[0]/weight-lb"	/>
<weight x="-1.0" y="2.9" z="-0.4" size="0.5" mass-prop="sim/weight[1]/weight-lb"/>
<weight x="-0.2" y="1.63" z="-0.4" size="0.7" mass-prop="sim/weight[2]/weight-lb"/>
<weight x="2.6" y="0.75" z="-0.9" size="0.3" mass-prop="sim/weight[3]/weight-lb"/>

<!-- Centre -->
<weight  x="0.0" y="0" z="-1.2" size="0.7" mass-prop="sim/weight[4]/weight-lb"	/>

 <!--right -->
<weight  x="2.6" y="-0.75" z="-0.9" size="0.3" mass-prop="sim/weight[5]/weight-lb"	/>
<weight x="-0.2" y="-1.63" z="-0.4"  size="0.7" mass-prop="sim/weight[6]/weight-lb"/>
<weight x="-1.0" y="-2.9" z="-0.4" size="0.5" mass-prop="sim/weight[7]/weight-lb"/>
<weight x="-1.2" y="-4.9" z="-0.0" size="0.25" mass-prop="sim/weight[8]/weight-lb"/>  
 
  
</airplane>
