<?xml version="1.0"?>

<PropertyList>

 <path>panels_blck40_right-aux-console.ac</path>


 <!-- START FUEL GAUGE -->
 <animation>
  <type>rotate</type>
  <object-name>FUEL_drum5</object-name>
  <property>consumables/fuel/total-fuel-lbs</property>
  <factor>3.6</factor>
  <center>
   <x-m>-0.2452</x-m>
   <y-m>-0.0</y-m>
   <z-m>-0.0046</z-m>
  </center>
  <axis>
   <x>0</x>
   <y>-1</y>
   <z>0</z>
  </axis>
 </animation>

 <animation>
  <type>rotate</type>
  <object-name>FUEL_drum4</object-name>
  <property>consumables/fuel/total-fuel-lbs</property>
  <factor>0.36</factor>
  <center>
   <x-m>-0.2452</x-m>
   <y-m>-0.0</y-m>
   <z-m>-0.0046</z-m>
  </center>
  <axis>
   <x>0</x>
   <y>-1</y>
   <z>0</z>
  </axis>
 </animation>

 <animation>
  <type>rotate</type>
  <object-name>FUEL_drum3</object-name>
  <property>consumables/fuel/total-fuel-lbs</property>
  <factor>0.036</factor>
  <center>
   <x-m>-0.2452</x-m>
   <y-m>-0.0</y-m>
   <z-m>-0.0046</z-m>
  </center>
  <axis>
   <x>0</x>
   <y>-1</y>
   <z>0</z>
  </axis>
 </animation>

 <animation>
  <type>rotate</type>
  <object-name>FUEL_drum2</object-name>
  <property>consumables/fuel/total-fuel-lbs</property>
  <factor>0.0036</factor>
  <center>
   <x-m>-0.2452</x-m>
   <y-m>-0.0</y-m>
   <z-m>-0.0048</z-m>
  </center>
  <axis>
   <x>0</x>
   <y>-1</y>
   <z>0</z>
  </axis>
 </animation>

 <animation>
  <type>rotate</type>
  <object-name>FUEL_drum1</object-name>
  <property>consumables/fuel/total-fuel-lbs</property>
  <factor>0.00036</factor>
  <center>
   <x-m>-0.2452</x-m>
   <y-m>-0.0</y-m>
   <z-m>-0.0048</z-m>
  </center>
  <axis>
   <x>0</x>
   <y>-1</y>
   <z>0</z>
  </axis>
 </animation>

 <animation>
  <type>rotate</type>
  <object-name>FUEL_FR_needle</object-name>
  <property>/consumables/fuel/tank[0]/level-lbs</property>
  <factor>0.06</factor>
  <max-deg>240.0</max-deg>
  <center>
   <x-m>-0.26</x-m>
   <y-m> 0.37</y-m>
   <z-m> 0.0</z-m>
  </center>
  <axis>
   <x>0.0</x>
   <y>0.0</y>
   <z>-1.0</z>
  </axis>
 </animation>

 <animation>
  <type>rotate</type>
  <object-name>FUEL_AL_needle</object-name>
  <property>/consumables/fuel/tank[1]/level-lbs</property>
  <factor>0.06</factor>
  <max-deg>240.0</max-deg>
  <center>
   <x-m>-0.26</x-m>
   <y-m> 0.37</y-m>
   <z-m> 0.0</z-m>
  </center>
  <axis>
   <x>0.0</x>
   <y>0.0</y>
   <z>-1.0</z>
  </axis>
 </animation>

 <!-- lighting -->
 <animation>
  <object-name>FUEL_rpm_disk</object-name>
  <object-name>FUEL_drum1</object-name>
  <object-name>FUEL_drum2</object-name>
  <object-name>FUEL_drum3</object-name>
  <object-name>FUEL_drum4</object-name>
  <object-name>FUEL_drum5</object-name>
  <object-name>FUEL_AL_needle</object-name>
  <object-name>FUEL_FR_needle</object-name>
  <type>material</type>
  <emission>
   <factor-prop>controls/lighting/lighting-panel/pri-inst-pnl</factor-prop>
   <red>0.55</red>
   <green>0.24</green>
   <blue>0.10</blue>
  </emission>
 </animation>
<!-- END FUEL GAUGE -->


</PropertyList>
