<?xml version="1.0"?>

<PropertyList>
 <sim>
  <model>
   <f16>
    <dragchute type="bool">false</dragchute>
    <link16 type="bool">false</link16>
    <wingmounts type="bool">false</wingmounts>

<!-- note: only one option can be true per stationset at a time for obvious reasons -->

 <!-- Station 5 -->
    <ventraltank type="bool">true</ventraltank>

 <!-- Station 4 and 6 -->
    <wingtanks type="bool">false</wingtanks>

 <!-- Station 1 and 9 -->
    <AIM-9L type="bool">false</AIM-9L>
    <AIM-9L_dummy type="bool">false</AIM-9L_dummy>
    <AIM-9_smokewinders type="bool">false</AIM-9_smokewinders>
    <AIM-120C5 type="bool">false</AIM-120C5>

 <!-- FIXME the above system should be improved -->

   </f16>
   <livery>
    <name type="string">RSAF '1' Black Knights</name>
    <texture>Liveries/rsaf/f16rsaf_bk.png</texture>
    <actype type="string">F-16C-52</actype>
    <owner type="string">RSAF</owner>
   </livery>
   <livery-logo>
    <texture>Liveries/rsaf/f16rsaf_bk_1_trans.rgb</texture>
   </livery-logo>
  </model>
 </sim>
</PropertyList>
